-- phpMyAdmin SQL Dump
-- version 5.0.4
-- https://www.phpmyadmin.net/
--
-- Hôte : localhost
-- Généré le : mer. 27 oct. 2021 à 00:44
-- Version du serveur :  10.4.17-MariaDB
-- Version de PHP : 7.4.12

SET SQL_MODE = "NO_AUTO_VALUE_ON_ZERO";
START TRANSACTION;
SET time_zone = "+00:00";


/*!40101 SET @OLD_CHARACTER_SET_CLIENT=@@CHARACTER_SET_CLIENT */;
/*!40101 SET @OLD_CHARACTER_SET_RESULTS=@@CHARACTER_SET_RESULTS */;
/*!40101 SET @OLD_COLLATION_CONNECTION=@@COLLATION_CONNECTION */;
/*!40101 SET NAMES utf8mb4 */;

--
-- Base de données : `PWeb`
--

-- --------------------------------------------------------

--
-- Structure de la table `Board`
--

CREATE TABLE `Board` (
  `idBoard` int(12) NOT NULL,
  `contentBoard` longtext DEFAULT NULL,
  `idUtilisateur` int(50) DEFAULT NULL,
  `idGroup` int(12) NOT NULL,
  `fileName` varchar(50) DEFAULT NULL,
  `nomUtilisateur` varchar(50) DEFAULT NULL
) ENGINE=InnoDB DEFAULT CHARSET=utf8;

--
-- Déchargement des données de la table `Board`
--

INSERT INTO `Board` (`idBoard`, `contentBoard`, `idUtilisateur`, `idGroup`, `fileName`, `nomUtilisateur`) VALUES
(56, 'data:application/vnd.openxmlformats-officedocument.wordprocessingml.document;base64,UEsDBBQABgAIAAAAIQDfpNJsWgEAACAFAAATAAgCW0NvbnRlbnRfVHlwZXNdLnhtbCCiBAIooAACAAAAAAAAAAAAAAAAAAAAAAAAAAAAAAAAAAAAAAAAAAAAAAAAAAAAAAAAAAAAAAAAAAAAAAAAAAAAAAAAAAAAAAAAAAAAAAAAAAAAAAAAAAAAAAAAAAAAAAAAAAAAAAAAAAAAAAAAAAAAAAAAAAAAAAAAAAAAAAAAAAAAAAAAAAAAAAAAAAAAAAAAAAAAAAAAAAAAAAAAAAAAAAAAAAAAAAAAAAAAAAAAAAAAAAAAAAAAAAAAAAAAAAAAAAAAAAAAAAAAAAAAAAAAAAAAAAAAAAAAAAAAAAAAAAAAAAAAAAAAAAAAAAAAAAAAAAAAAAAAAAAAAAAAAAAAAAAAAAAAAAAAAAAAAAAAAAAAAAAAAAAAAAAAAAAAAAAAAAAAAAAAAAAAAAAAAAAAAAAAAAAAAAAAAAAAAAAAAAAAAAAAAAAAAAAAAAAAAAAAAAAAAAAAAAAAAAAAAAAAAAAAAAAAAAAAAAAAAAAAAAAAAAAAAAAAAAAAAAAAAAAAAAAAAAAAAAAAAAAAAAAAAAAAAAAAAAAAAAAAAAAAAAAAAAAAAAAAAAAAAAAAAAAAAAAAAAAAAAAAAAAAAAAAAAAAAAAAAAAAAAAAAAAAAAAAAAAAAAAAAAAAAAAAAAAAAAAAAAAAAAAAAAAAAAAAAAAAAAAAAAAAAAAAAAAAAAAAAAAAAAC0lMtuwjAQRfeV+g+Rt1Vi6KKqKgKLPpYtUukHGHsCVv2Sx7z+vhMCUVUBkQpsIiUz994zVsaD0dqabAkRtXcl6xc9loGTXmk3K9nX5C1/ZBkm4ZQw3kHJNoBsNLy9GUw2ATAjtcOSzVMKT5yjnIMVWPgAjiqVj1Ykeo0zHoT8FjPg973eA5feJXApT7UHGw5eoBILk7LXNX1uSCIYZNlz01hnlUyEYLQUiep86dSflHyXUJBy24NzHfCOGhg/mFBXjgfsdB90NFEryMYipndhqYuvfFRcebmwpCxO2xzg9FWlJbT62i1ELwGRztyaoq1Yod2e/ygHpo0BvDxF49sdDymR4BoAO+dOhBVMP69G8cu8E6Si3ImYGrg8RmvdCZFoA6F59s/m2NqciqTOcfQBaaPjP8ber2ytzmngADHp039dm0jWZ88H9W2gQB3I5tv7bfgDAAD//wMAUEsDBBQABgAIAAAAIQAekRq37wAAAE4CAAALAAgCX3JlbHMvLnJlbHMgogQCKKAAAgAAAAAAAAAAAAAAAAAAAAAAAAAAAAAAAAAAAAAAAAAAAAAAAAAAAAAAAAAAAAAAAAAAAAAAAAAAAAAAAAAAAAAAAAAAAAAAAAAAAAAAAAAAAAAAAAAAAAAAAAAAAAAAAAAAAAAAAAAAAAAAAAAAAAAAAAAAAAAAAAAAAAAAAAAAAAAAAAAAAAAAAAAAAAAAAAAAAAAAAAAAAAAAAAAAAAAAAAAAAAAAAAAAAAAAAAAAAAAAAAAAAAAAAAAAAAAAAAAAAAAAAAAAAAAAAAAAAAAAAAAAAAAAAAAAAAAAAAAAAAAAAAAAAAAAAAAAAAAAAAAAAAAAAAAAAAAAAAAAAAAAAAAAAAAAAAAAAAAAAAAAAAAAAAAAAAAAAAAAAAAAAAAAAAAAAAAAAAAAAAAAAAAAAAAAAAAAAAAAAAAAAAAAAAAAAAAAAAAAAAAAAAAAAAAAAAAAAAAAAAAAAAAAAAAAAAAAAAAAAAAAAAAAAAAAAAAAAAAAAAAAAAAAAAAAAAAAAAAAAAAAAAAAAAAAAAAAAAAAAAAAAAAAAAAAAAAAAAAAAAAAAAAAAAAAAAAAAAAAAAAAAAAAAAAAAAAAAAAAAAAAAAAAAAAAAAAAAAAAAAAAAAAAAAAAAAAAAAAAAAAAAAAAAAAAAAAAAAAAAAAAAAAAAAAAAAAAAAAAAAAArJLBasMwDEDvg/2D0b1R2sEYo04vY9DbGNkHCFtJTBPb2GrX/v082NgCXelhR8vS05PQenOcRnXglF3wGpZVDYq9Cdb5XsNb+7x4AJWFvKUxeNZw4gyb5vZm/cojSSnKg4tZFYrPGgaR+IiYzcAT5SpE9uWnC2kiKc/UYySzo55xVdf3mH4zoJkx1dZqSFt7B6o9Rb6GHbrOGX4KZj+xlzMtkI/C3rJdxFTqk7gyjWop9SwabDAvJZyRYqwKGvC80ep6o7+nxYmFLAmhCYkv+3xmXBJa/ueK5hk/Nu8hWbRf4W8bnF1B8wEAAP//AwBQSwMEFAAGAAgAAAAhANZks1H0AAAAMQMAABwACAF3b3JkL19yZWxzL2RvY3VtZW50LnhtbC5yZWxzIKIEASigAAEAAAAAAAAAAAAAAAAAAAAAAAAAAAAAAAAAAAAAAAAAAAAAAAAAAAAAAAAAAAAAAAAAAAAAAAAAAAAAAAAAAAAAAAAAAAAAAAAAAAAAAAAAAAAAAAAAAAAAAAAAAAAAAAAAAAAAAAAAAAAAAAAAAAAAAAAAAAAAAAAAAAAAAAAAAAAAAAAAAAAAAAAAAAAAAAAAAAAAAAAAAAAAAAAAAAAAAAAAAAAAAAAAAAAAAAAAAAAAAAAAAAAAAAAAAAAAAAAAAAAAAAAAAAAAAAAAAAAAAAAAAAAAAAAAAAAAAAAAAAAAAAAAAAAAAAAAAAAAAAAAAAAAAAAAAAAAAAAAAAAArJLLasMwEEX3hf6DmH0tO31QQuRsSiHb1v0ARR4/qCwJzfThv69ISevQYLrwcq6Yc8+ANtvPwYp3jNR7p6DIchDojK971yp4qR6v7kEQa1dr6x0qGJFgW15ebJ7Qak5L1PWBRKI4UtAxh7WUZDocNGU+oEsvjY+D5jTGVgZtXnWLcpXndzJOGVCeMMWuVhB39TWIagz4H7Zvmt7ggzdvAzo+UyE/cP+MzOk4SlgdW2QFkzBLRJDnRVZLitAfi2Myp1AsqsCjxanAYZ6rv12yntMu/rYfxu+wmHO4WdKh8Y4rvbcTj5/oKCFPPnr5BQAA//8DAFBLAwQUAAYACAAAACEAh0o3UYAIAAB9RAAAEQAAAHdvcmQvZG9jdW1lbnQueG1s7FzLjtu2Gt4XOO9AeDObZHS1fEHtwpeZoEBaDDIJ0K4OOBItEyOJKknZnrM6r9Fdl53XOH6T8yT9qYtt+TYaJ43lIlnENi+f/js/Uky+/2ERBmhGuKAs6jWMa72BSOQyj0Z+r/Hp4+3bdgMJiSMPBywivcYTEY0f+v/67vt512NuEpJIIoCIRHceu73GVMq4q2nCnZIQi+uQupwJNpHXLgs1NplQl2hzxj3N1A09/RZz5hIh4HkjHM2waORw7qIamsfxHCYrQFtzp5hLslhjGK8GaWodrb0LZJ4ABBqaxi6U9WooR1NS7QDZJwGBVDtIzdOQ9ijnnIZk7iK1TkOydpHapyHthFO4G+AsJhF0ThgPsYSf3NdCzB+T+C0Ax1jSBxpQ+QSYulPAYBo9niARzFohhJb3aoSWFjKPBJZXoLBeI+FRN5//djVfid7N5ucfxQxeRf9syjgvDqnmGicB2IJFYkrjVYaHp6JB57QAmR1TYhYGxbh5bFRMl0PlaZyZcg1YRfzc/mGQSX4c0dAreERBrGZUEaH8zEKSEKJw/eCTTLNhXKNiASkAzB0Ax6UVQ7rAyKwJ+sDMDRxBXgfTLGDEU7hO9Xnsf160vOMsiddo9PPQflzn/lytwq/AyqNuMxPE5wlzP8UxlITQ7f7oR4zjhwAkghhCEAYo9YD6G7yCVNI1+kAVHpj3pD5jNO8C1fA+9Bq63jYdR1XFvOmOq8Zb3WoNb1aNYzLBSSA3hqcwd1x98PzjlkVSwAwsXAqG/khDItDPZI4+sBBHCms6iMSeHk1NF/+BATMc9BqWWbSMFFypLcCRX7SR6O2ne9Ws5TJoK5HASmxywzkMlU8x2EXEJAjuJawjGY7q2VX362pTiA0y9j8wiSVRTTLrOKzFTeTVU4f//dEtKaDcsRNtN7d207IrR1t5+N1G01kCcDfS6uaE91eQIQFBREg0YbCMUQS1JCQIcz/bJiz/QC6RkkB35Co2cI3uKQo25sVMUEknb1CAEVeBCYOQIBwjD0cCwShB4NMDaTH1ExoE8M27SiKCQlCWA4pE4ooGKVq0fPZxCgfBq6Zu49BIbXzIEbzrl+PK1nXdMCrHVXl4Gld507e42h9XW7XpTAYCGdT62RUxdqEgxpxAPM1Iow+wkjOqohJifvkndKBtkWtm0nD5LKdMRf0EU8g6OmOScJREaPkcLJ/TZMWJhCQGpZCAHMQLotIXRnjE58tn5LEI0qtCenx+2TWclm0N6pEee1XMBays4tDp6Kue2qlYu3Ddn3bvr8iChLEq5QmdYYjYUiwHV+tQrrp2QKwfStzUDkPDsMf73Xy+XLab9S42+72XlxFxzN7H0qpu6lycHn2PxAlN08JlNAIqNFk+c0qg5Ps4gV1hhdJuOGZTv91SzLL1W2u0r+7lw1OYWtZx0zRaN63KdTwfXgt9apf2/Y8cqm4AW8tKm7PBuNkxDtTWPabPh38zffUS9QnWuYBFfqJSnCWKysVA8FxYILFP0G8JRd7yeUIjWETVmihz/6kdGFG0L1kgD6SL1IsicV2ueN/SqSYcCFwYBzCqzH+O8xpr2Gw7w7qtT4Z+SOY6e0QHAroggUjfqKpTDA+2hjI9lrhIL5j1dkJf3zI4QQ/4KKkcjS1z1DyjxJp2iXGNYswRx3HMeHqOJ3B+VqfOBlyZqAO2Y2ZvjZxhx6pbdF+/vIgNBsZgUH0Ry4enMOdexPbqY93all39tLI8PD2ryJtqoeL88t633Lt4J1Uu63XL/goBNL8CJxw55tBpVw6/8vAahl/doqvE8nc4fUhFeoyryCFs8dVLkT3U/mUv/tOKSN28uMvrceIrKl/m9eDJ1HcT9fYBVuQAc1/53btinPo0SmknXz57Cfh/ayJQ0xCYKVVH+URNnuJElia/tJyPtk9+6lmXquxUT4vnswRvxYsIB7iMedtc37co0ZbNnjRD86aaZOjlLfOPZH7Rq3y1SxW2ZQzHe097yz3Ze+6sqSYhtWXvDeFqVL3Ueg7jVWGuFE2HM+Lc+vXx4sR8UNIbN/ZIr5131PqKnw4tlHWOq5QbchKrd3A5r8hu4eAZcVFAfoMdPYLtfkDhG08PsqiQjCuGiAQBiqlmLPKrMw+giBDk8L0HZQjdMUd6dnuqRoYAD9bbf/21nRnPbl2Q7ROuB8Ye1a3zNPsBSd2k1ZUcEQ5B23+/Y0PsPmYPK8ZCnq1G1rJeXL+8+hhje9jpVOZt5eG1W5L2qrjF2V4+f6o5kasZy6n6XoVGbqA2VFuvVUy9uMigjp7Vxlu1Zhn7S4VDf/CMPjpwuni+zLOOV8TzH/ofNvqvR1cgs9Wp+3mz0Wq12wcOyvfkez68Fsm9V5/2SB+M16+1Nq/zZz1fUnToccUBjVwWMBUNqQJ6+keNl1MSkpHq6zUkWUjjCxY322q2htmFlwtVTUXrT1hyuqi0G7wdOrazfddzZDXHzvr60+YW0dQ7oy8bvGePgL9di1cfRODVdftjtdFqWUM7y8Y6iX/CdbutePu6qfha74BOwMMFXagXrDhc/ilByTfIzS7kzFgiUEx4mDGJCaacFDdc3yBoVbdWS+f5b1Y3QLiiHzltgQ0ciLpiLltH/Pvtd9lV64S4Geit0TirRv80vd///7+/H2K0FUxSTqWz078yB/9aLv1KUTi0zZvmOe+n2E0g1ymhhqDZ3McYraKjYNz5gF+PlhPT0cfmpZOgKo4sGJEgrrwrmaACLbqHSSkpbraazZwU+/dKyHmvYRidTJkpfHfadn5gE/s/YfUcyWJot41sH0n9qVz/fGBSsnD9OyCTjd4pwR4BaVp6+o59wtTCsvrpJzL9mT8ODKwMlFtBjUmbPea+4+qf+nZVObmj0gUpLSedpBXWSL9m/wZYW/+/If2/AAAA//8DAFBLAwQUAAYACAAAACEAt/17qNwGAADKIAAAFQAAAHdvcmQvdGhlbWUvdGhlbWUxLnhtbOxZS4sbRxC+B/IfhrnLes3osVhrpJHk165tvLKDj71Sa6atnmnR3dq1MIZgn3IJBJyQQwy5JRBCDDHE5JJDfsqCTeL8iFT3SJppqRW/1mDCrmDVj6+qv66qri7NnL9wL6bOEeaCsKTlls+VXAcnQzYiSdhybw36hYbrCImSEaIswS13joV7YffTT86jHRnhGDsgn4gd1HIjKac7xaIYwjAS59gUJzA3ZjxGEro8LI44Oga9MS1WSqVaMUYkcZ0ExaB2EP35Iyi7Ph6TIXZ3l9p7FP4lUqiBIeUHSjdeiOSwo0lZfYm5CCh3jhBtubDQiB0P8D3pOhQJCRMtt6T/3OLu+eJKiMotsjm5vv5byC0ERpOKluPh4UrQ83yv1l7p1wAqN3G9eq/Wq630aQAaDmGnKRdTZ70SeAtsDpQ2Lbq79W61bOBz+qsb+LavPgZeg9Kmt4Hv94PMhjlQ2vQ38H6n2ema+jUobdY28PVSu+vVDbwGRZQkkw10ya9Vg+VuV5Axo5es8Kbv9euVBTxDFXPRlconclusxegu430AaOciSRJHzqd4jIaACxAlh5w4eySMIPCmKGEChkuVUr9Uhf/q4+mW9ijawSgnnQ4NxcaQ4uOIISdT2XKvgFY3B3nx/PnJw2cnD387efTo5OEvi7U35S6hJMzLvfrhq3+efO78/ev3rx5/bceLPP7lz1+8/P2P/1IvDVrfPH357OmLb7/866fHFnibo8M8fEBiLJxr+Ni5yWLYoGUBfMjfTmIQIZKXaCehQAlSMhZ0T0YG+tocUWTBdbBpx9sc0oUNeHF21yB8EPGZJBbg1Sg2gPuM0Q7j1j1dVWvlrTBLQvvifJbH3UToyLZ2sObl3mwKcU9sKoMIGzRvUHA5CnGCpaPm2ARji9gdQgy77pMhZ4KNpXOHOB1ErCYZkEMjmjKhSyQGv8xtBMHfhm32bzsdRm3qu/jIRMLZQNSmElPDjBfRTKLYyhjFNI/cQzKykTyY86FhcCHB0yGmzOmNsBA2met8btC9CmnG7vZ9Oo9NJJdkYkPuIcbyyC6bBBGKp1bOJIny2MtiAiGKnBtMWkkw84SoPvgBJVvdfZtgw92vP9u3IA3ZA0TNzLjtSGBmnsc5HSNsU97msZFi25xYo6MzC43Q3sOYomM0wti5ddmGZ1PD5hnpKxFklUvYZpsryIxV1U+wwI4ubiyOJcII2QMcsi189udriWeOkhjxbZqvTcyQ6cFVF1vjlQ4nRiolXB1aO4nrIjb2t1XrjQgZYaX6wh6vc274703OGMjcfQcZ/NYykNjf2DYDRI0FsoAZIKgybOkWRAz3ZyLqOGmxmVVubB7azA3FtaInJslrK6C12sf/cLUPVBgvvntiwZ5OvWMHvk+lsy2ZrNc323DrVU3A+Ih8/EVNF82SGxjuEQv0rKY5q2n+9zXNtvN8VsmcVTJnlYxd5ANUMlnxoh8BLR/0aC3x1qc+Y0LpgZxTvCd02SPg7I/6MKg7Wmj1kGkaQXOxnIELOdJthzP5GZHRQYSmsExZrxCKhepQOFMmoHDSw1bdaoLO4n02SkfL5eVzTRBAMhuHwms5DmWaTEdr9ewB3kq97oX6QeuSgJJ9GxK5xUwSVQuJ+nLwNST0zk6FRdPCoqHUb2WhvxZegcvJQeqZuO+ljCDcIKRHyk+p/NK7p+7pbcY0t12xbK+puJ6Opw0SuXAzSeTCMILLY334lH3dzFxq0FOm2KRRb3wIX6skspYbaGL2nGM4c1Uf1AzRtOWO4ScTNOMp6BMqUyEaJi13KBeGfpfMMuVCdpGIUpieSvcfE4m5Q0kMsZ53A00ybuVKXe3xIyXXLH18ltNfeSfj8RgP5ZaRrAtzqRLr7HuCVYfNgPRBNDp2DumM30RgKL9eVgYcESFX1hwRngvuzIpr6WpxFI33LdkRRXQaocWNkk/mKVy3V3Ry+9BM13dl9hebOQyVk9771n29kJrIJc0tF4i6Ne3548Nd8jlWWd43WKWpez3XNZe5btst8f4XQo5atphBTTG2UMtGTWqnWBDklluF5rY74rRvg/WoVRfEsq7UvY0X2+zwLkR+F6rVGZVCU4VfLRwFy1eSaSbQo8vsck86M05a7v2S3/aCih8USg2/V/CqXqnQ8NvVQtv3q+WeXy51O5UHYBQZxWU/XbsPP/bpfPHiXo9vvLyPl6X2uSGLi0zXwUUtrF/elyvGy/u0TnYGat51CFjmfq3Sb1abnVqhWW33C1630yg0g1qn0K0F9W6/G/iNZv+B6xxpsNeuBl6t1yjUykFQ8GolRb/RLNS9SqXt1duNntd+sLA17Hz5vTSv5rX7LwAAAP//AwBQSwMEFAAGAAgAAAAhALupuQB/BgAAuBYAABEAAAB3b3JkL3NldHRpbmdzLnhtbLRYW2/bxhJ+P0D/g6DnKuJeSQpxCi4vJynipohcFDhvK3JlESa5xJKyqhTnv58hKUZuMi6cHuTFXs23c9mZb4Zcvv7pj7paPBrXlba5WZJX3nJhmtwWZXN/s/ztLlsFy0XX66bQlW3MzfJsuuVPb3741+vTpjN9D9u6BZhouk2d3ywPfd9u1usuP5had69saxoA99bVuoef7n5da/dwbFe5rVvdl7uyKvvzmnqeXF7M2Jvl0TWbi4lVXebOdnbfDyobu9+Xubn8mzXcS/xOKonNj7Vp+tHj2pkKYrBNdyjbbrZW/1NrAB5mI49/d4jHupr3nYj3guOerCs+a7wkvEGhdTY3XQcFqqs5wLK5OuZfGfrs+xX4vhxxNAXqxBtXTyMX32aAfmVA5mXxbTbkxcYaNJ/Y6cy3mRGzme5cmz9mQ131ktRO0Pty57SbiHvJa51v3t031uldBeFAfheQosUY3fB3iPgNNM0na+vFadMalwNzoOMIWa4HAOpl99te97B907WmqsYWzCujwfppc+90Dc0zS0adwuz1serv9G7b2xY2PWo4hO8FE3w4twfTjBT/DzTvjHMqJjw/aKfz3rhtq3PwFtumd7aa9xX2F9vH0KgOeHTRGNt2WB07k6Xv9dke+yfIdhoJYKHRNaThL21+awsznOToypfXa1AYoyFz0KgjCyPMlYW5G9K/7c+VyeAw2/KTiZri52PXl2BxzMT/EcHfBQB5Bs8fgDB359ZkRvdHSNt3cjZWJqvK9rZ0zrp3TQFc+m7Oyv3eOHBQAjdvgW6ls6cxz2+NLuDJ8Z38AsN+h83Qr+wOaPqgbN/b+u2V0//crzf4XT+lMzz/im5efLS2/7zVo1yomXwDekU86ocqRRFJY4+jSERDeunPL5CYyiTDEMJErBIU4TTNGIoIRrLwGYSml8x/gUgqPDwC6XMWoYjvBwEeQcJViEeQ8tiLUSTjBPdDKfFTH0W4IBzXebZyVHoJRU9KJRE+Ghv1ZSRwnRiSQ1EkIQleOZoJL0bPw7iXMTQCJv1Q4ojPFFcoEgkVorExJQKJ68SUKYkiGWcc5Q7L/IiivcCB2vND7ktEynTsxa8Q6oUxyirOiErQHHAmfIXWh3OfR2jP8YCGIa4Tkojj51GSRCivobGgT1BEkGe4IwQLYpQhIhFhgvqR4AbPgaQ+jBEUYVQxtNoyIb5Es+MzGofoeXzGggitnB9LFaKVG5AYzUEAoEAjCDyeBmjUAaUUn3wBldJD2RtQPw3QXAcwEhWa0UD4QuARBDwQeASRVHiXBAr4i+YtiL0owf0kLMSnGCBZjCMpESE6E0NCwhStQhhCL6ARhCGTEteBXvDR80Qw++JnED9O0LxFhEQMrVzESOCj0zJifpaiHI045wztn0iKaH5H/gIJZBSheYtCEipcJyJRhMcWwZTHzxNJj6IMiRImM7QKEcwDgrJXeSTAn6eKSOmjlVOUqxjXYYQlaGwK3jYEyjfFfRWgVVCSRSHux2exwv1AXz0TgRKpRGuqEp6FaGwxE4lEaxpLqvDJF0toH7RyMZA0QGOLI5i+eAQJDFIcyYjHn0F4yNBJDkjio1EnjHCCMjHJ/GeqnQ7PTbQbU5hUDK1pCo90nKMpvG9xNIJUydBDn6dpCqMUzWia+kmIMj7NPIFzJ824wKPO4C0Jf1vPCAX+ooiE9xo015kihKOxZUpyiUeQSpgVKJJ5yTTF1hMEd5F6M3xR+tXNq+FCu6gnjVjXO1fqxe3wzWk97Ni5B1U2M74ze+vMU2R73M3gajUBXa2rKoOr1QyM47reFGXXJmY/rqtb7e6vdi87HCotzP7nz7aGrxvG/dvZYzuhJ6fb6aI6byGcXzTLpn9f1rO8O+62s1aj3fkJdGyKD49uzNM1PadNDxe/8cL/Xo8XyHHv3q2yj8OVz+iuj7pS3yw/HVbxL1P+88pth/uiudVtO107d/fkZlmV94eeDGo9/Cq0exh/7O7pBaMjRids/KHz4bCw+7K4yugse7KPzTJ2lfFZxq8yMcvEVSZnmRxkh3NrXFU2D3ADnpeDfG+ryp5M8faKfyWaklCYvAQSbM/17vrZ59WEVWUHV/JWO91bN2M/jhjhm8Lm74C/sBrlNPNpqNg0R4gYvyz1460dUvvR7JXuTHHBZlUxqf6p4KpMaEBXIVPZKoN7zCpQKl0RGNuBogxY4v/30hrzJ+c3/wMAAP//AwBQSwMEFAAGAAgAAAAhANfw2t86AgAAfQcAABIAAAB3b3JkL2ZvbnRUYWJsZS54bWzclE+OmzAUxveVegfk/QTzJySNhowymUGqVM2iSqVuHceAVWwj24TJEXqYXqCbHmeuMcY4aTRk1GHRLgrCwPfsn9/79OTrm0dWeXsiFRU8BcEEAo9wLHaUFyn4ssmu5sBTGvEdqgQnKTgQBW6W799dt4tccK08s56rBcMpKLWuF76vcEkYUhNRE26CuZAMafMrC58h+a2pr7BgNdJ0SyuqD34IYQIcRr6FIvKcYnIncMMI13a9L0lliIKrktbqSGvfQmuF3NVSYKKUqZlVPY8hyk+YIB6AGMVSKJHriSnGZWRRZnkA7RerfgOm4wDhAJBguhvHSBzDNyvPOIqMw0yPGHVg5BF4DC8+FlxItK0MyVjjmeo8C+7GbrOl6w2vXXDEzKw1quhWUhuoEReKBCa2R1UKYAgzODVjd8cw6kbgdxNxiaQiHaSfCHs5R4xWh6OqWqpUH6ipxuVR3yNJuwz7kKKFCTRqC1NwDyEMV1kGeiUw2XVKPLt1StjtZa8PTolOCuwUbDn2N+g52HJOc8yefu/AwIk7wouvFHFrBar0g1GPOT/9+P7085crZuBSABPDjszb3RddmieXXEKNFqNMWnV1hLdnJkXzdTZbZ6uXJgXJH0yKzTPSpA1lRHkPpPU+C+a8GhoSGkMi0zqxbZ9oVNtIyx3fNvcv2mY2j4N/2TbeJ1qU+vXmcfG/0EJnjnGhN7Ihm0NNhg7uSI6ayqbwWjHuNDir5dKZ0J0E/+mZ4D7U8hkAAP//AwBQSwMEFAAGAAgAAAAhAPKJyJS/AQAATwcAABQAAAB3b3JkL3dlYlNldHRpbmdzLnhtbOyVzU7jMBDH7yvtO0S+08ShCd2IFqlCIKTVarXAAziO01preyzbbShPv5OP0kL3QE5w4BKPx/7/PJMZJ5dXT1pFW+G8BDMndJKQSBgOlTSrOXl8uDmbkcgHZiqmwIg52QlPrhbfv102RSPKexEC7vQRUowvNJ+TdQi2iGPP10IzPwErDC7W4DQLOHWrWDP3d2PPOGjLgiylkmEXp0mSkwHj3kOBupZcXAPfaGFCp4+dUEgE49fS+j2teQ+tAVdZB1x4j/lo1fM0k+YFQ6cnIC25Aw91mGAyQ0QdCuU06SytDoBsHCA9AeRcVuMY+cCIUXnE8WIcJttj/E6LJxJpXtytDDhWKiThq4kwu6gDt8/2sAV2SCW3fhijpmhjv5jRKc2mOe3WS6h2193alinsPhK3XuyPn6IOe2/y4v0jV+v/uB/AnjqXEALoN36MY1m51goHjcG+Jjjxz+2+1rCMi8HmoADbkW0C9Ah1FNk4ZfkqonFad5z5GGl8SLo3X5eDphnN0yw5T7/q8RnqkSbTHxd0dp593Y8Pq0c/dt8tsEFq+SxuwC0dNF647jSmFDS/f932+qPf4OIfAAAA//8DAFBLAwQUAAYACAAAACEACWGwtN4BAADfAwAAEAAIAWRvY1Byb3BzL2FwcC54bWwgogQBKKAAAQAAAAAAAAAAAAAAAAAAAAAAAAAAAAAAAAAAAAAAAAAAAAAAAAAAAAAAAAAAAAAAAAAAAAAAAAAAAAAAAAAAAAAAAAAAAAAAAAAAAAAAAAAAAAAAAAAAAAAAAAAAAAAAAAAAAAAAAAAAAAAAAAAAAAAAAAAAAAAAAAAAAAAAAAAAAAAAAAAAAAAAAAAAAAAAAAAAAAAAAAAAAAAAAAAAAAAAAAAAAAAAAAAAAAAAAAAAAAAAAAAAAAAAAAAAAAAAAAAAAAAAAAAAAAAAAAAAAAAAAAAAAAAAAAAAAAAAAAAAAAAAAAAAAAAAAAAAAAAAAAAAAAAAAAAAAAAAAAAAAACcU8Fu2zAMvQ/YPxi+N7KTrtgCRcWQYuhhWwPEbc+aTCfCZEmQWKPZ14+yF0/ZdppPj4/00xNJ8dvX3hQDhKid3ZT1oioLsMq12h425WPz6ep9WUSUtpXGWdiUJ4jlrXj7hu+C8xBQQyxIwsZNeUT0a8aiOkIv44LSljKdC71ECsOBua7TCu6ceunBIltW1Q2DVwTbQnvlZ8FyUlwP+L+irVPJX3xqTp70BG+g90YiiK/pT7NoHfaczSxvHErT6B7E9Tvi54jv5AGiqDmbAH92oY1iWVHVBPn2KINUSC0Udb2qOMsI/tF7o5VE6q74olVw0XVYPIyWiyTAWV7C6Rp7UC9B40mQVB7yz9qSgw+cTYCsBXkI0h/JT/I3R3yvpIEtNUB00kTg7DfB70Gm4e6kTv4GXA+g0IUi6h803mVZfJMRUts25SCDlhbLqWwKRmx8xCAajYG053iEeVmO9XVq4gQuC8dg9ED40h2dYCA+dHQ3/IfZOjc7episZnZyZ+cz/lDdut5LS/1lM6IGf4+PvnF3aTl+9fCSzMb+rPG491KlPVmtVvkCZCm+JxZamug8lJng93SFYNIB9K89QHuu+TuRVuppeq+ivllU9I07dOZoE+aHJH4CAAD//wMAUEsDBBQABgAIAAAAIQBM/5LTfwEAAO0CAAARAAgBZG9jUHJvcHMvY29yZS54bWwgogQBKKAAAQAAAAAAAAAAAAAAAAAAAAAAAAAAAAAAAAAAAAAAAAAAAAAAAAAAAAAAAAAAAAAAAAAAAAAAAAAAAAAAAAAAAAAAAAAAAAAAAAAAAAAAAAAAAAAAAAAAAAAAAAAAAAAAAAAAAAAAAAAAAAAAAAAAAAAAAAAAAAAAAAAAAAAAAAAAAAAAAAAAAAAAAAAAAAAAAAAAAAAAAAAAAAAAAAAAAAAAAAAAAAAAAAAAAAAAAAAAAAAAAAAAAAAAAAAAAAAAAAAAAAAAAAAAAAAAAAAAAAAAAAAAAAAAAAAAAAAAAAAAAAAAAAAAAAAAAAAAAAAAAAAAAAAAAAAAAAAAAAAAAACMkt9KwzAUxu8F36HkvkuygZulq6CyKweCE8W7mBxntE1Dkq3bMwjDl/DSx5K9hmm7dpbtwrvz5zu/nHxJfLHK0mAJxspcjRHtERSA4rmQaj5G97NJOEKBdUwJluYKxmgNFl0kpycx1xHPDdyaXINxEmzgScpGXI/Rq3M6wtjyV8iY7XmF8s2X3GTM+dTMsWb8nc0B9wk5wxk4JphjuASGuiWiHVLwFqkXJq0AgmNIIQPlLKY9ivdaByazRweqzh9lJt1aw1Fp02zVKytbYVEUvWJQSf3+FD9Ob+6qq4ZSlV5xQEkseOSkSyGJ8T70kV08vwF3dblNfMwNMJebZLv5CH6+P7dfm0rSlEvD32Fd5EZYP9zJvEyA5UZq55+xRncKXp0y66b+XV8kiMt155TDbjlgYCnLX5EMyKjStIV4Z3K9G4jAmxPVVjadh8HV9WyCkj7p05CSkA5n9Dwi/YiQp3K9zvwemO1W+A9xNKPDA2IDqB3qftDkFwAA//8DAFBLAwQUAAYACAAAACEAzTXEsEcLAACDcQAADwAAAHdvcmQvc3R5bGVzLnhtbLyd23LbOBKG77dq34Glq9kLx2c7cY0zZTvx2jWxxxM5m2uIhCysQUILkj7M0y8IUhLkJig22OObxBLVHw4/fgDNg/Trby+pjJ64zoXKTke7H3ZGEc9ilYjs4XT04/5y6+MoyguWJUyqjJ+OXnk++u3zP//x6/NJXrxKnkcGkOUnaXw6mhXF/GR7O49nPGX5BzXnmTk4VTplhXmpH7ZTph/L+Vas0jkrxERIUbxu7+3sHI0ajO5DUdOpiPkXFZcpzwobv625NESV5TMxzxe05z60Z6WTuVYxz3PT6FTWvJSJbInZPQCgVMRa5WpafDCNaWpkUSZ8d8f+lcoV4BAH2AOAo1gkOMZRw9g2kQ4n5zjM4QKTv6b8ZRSl8cn1Q6Y0m0hDMl0TmdZFFlz9WxX22QyORMVf+JSVssirl/pONy+bV/a/S5UVefR8wvJYiHtTGUNMhYFfnWW5GJkjnOXFWS6Ye/Br8151fFZ9sDUyzgvn7XORiNF2VWj+lzn4xOTpaO9g8c5FVYm19yTLHhbvTfXW5Xe3Mqejv2ZbF7fVWxPDPR0xvTU+qwK3m7bV/zstni9f1Z960z1m7JqRPK4NZY7y6TcVP/JkXJgDp6Odqijz5o/rOy2UNqY5HX361Lw55qm4EknCM+eD2Uwk/OeMZz9ynqze//PSDvzmjViVmfl7//jQSibz5OtLzOeVjczRjFW9d1sFyOrTpVgVbsP/t4DtNn3WFj/jrJpLot23CFt9FGKvisid1rYzyzdtt59CFbT/XgUdvFdBh+9V0NF7FXT8XgV9fK+CLObvLEhkCX+pjQiLAdRNHI8b0RyP2dAcj5fQHI9V0ByPE9Acz0BHczzjGM3xDFMEp1CxbxQ6g33fM9q7uZvXiDDu5iUhjLt5BQjjbp7ww7ib5/cw7ubpPIy7efYO426erPHceqsVXRubZcVgl02VKjJV8KjgL8NpLDMsm2DR8KpFj2uSRhJg6pmtWYgH02JmX28eIdak4et5UaVgkZpGU/FQapOXD604z564NBlyxJLE8AiBmhel9vRIyJjWfMo1z2JOObDpoFJkPMrKdEIwNufsgYzFs4S4+xZEkklhOaBZWcwqkwiCQZ2yWKvhVVOMbH74JvLhfVVBovNSSk7EuqUZYpY1PDewmOGpgcUMzwwsZnhi4GhG1UUNjainGhpRhzU0on6rxydVvzU0on5raET91tCG99u9KKSd4t1dx27/c3cXUlWnxAfXYyweMmY2AMOXm+acaXTHNHvQbD6LqlPI7Vi3zdhyzlXyGt1TrGlLEtW+3g6RC9NqkZXDO3SNRmWuJY/IXksekcGWvOEWuzHb5GqDdkWTz4zLSdFqWkvqZdoxk2W9oR3uNlYMH2ErA1wKnZPZoB1LMIJvq+1sJSfFzLeq5fCKrVjDbfV2ViKtXoMkqKVU8SPNNHz1OufapGWPg0mXSkr1zBM64rjQqh5rruX3rCS9LP81nc9YLmyutIbov9QvLqZHN2w+uEF3komMRrevWykTMqLbQVzd33yL7tW8SjOrjqEBnquiUCkZszkT+MtPPvkXTQXPTBKcvRK19ozo9JCFXQiCRaYmqYSIZLaZIhMka6jl/c5fJ4rphIZ2p3l9/0rBiYhjls7rTQeBt8y8+GzmH4LdkOX9h2lRnReiMtU9Ccw5bZiXk//yePhUd6sikjNDf5SFPf9ot7o2mg43fJuwhhu+RbBqmuWhGr8EjV3DDW/sGo6qsReS5bnwXkIN5lE1d8Gjbu/w5K/hKan0tJR0HbgAkvXgAkjWhUqWaZZTttjyCBtsedTtJRwylkdwSs7y/q1FQiaGhVEpYWFUMlgYlQYWRirA8Dt0HNjw23Qc2PB7dWoY0RbAgVGNM9Lln+gqjwOjGmcWRjXOLIxqnFkY1Tjb/xLx6dRsgumWGAdJNeYcJN1CkxU8nSvN9CsR8qvkD4zgBGlNu9NqWj3YoLL6Jm4CZHWOWhJutmsclcg/+YSsahWLsl4EZ0SZlEoRnVtbLTg2cv3etU1h9pmLwVW4kyzmMyUTrj1t8seafHk8Z3Fzmh5c7ut12vObeJgV0Xi2PNvvYo52NkYuEva1sM0FtvX50V5H2A1PRJkuKgofpjja7x9sR/Ra8OKZl47g1U5iLfKwZyQs82hz5GqXvBZ53DMSlvmxZ6T16Vpklx++MP3YOhCOu8bPMsfzDL7jrlG0DG4ttmsgLSPbhuBx1yhas0p0FsfV1QKoTj/P+OP7mccfj3GRn4Kxk5/S21d+RJfBvvMnUa3smEnTlre8ewLM+3YT3Wvm/LNU9Xn7tQtO/R/qujYbpyznUStnv/+Fq7VZxt+PvacbP6L3vONH9J6A/IheM5E3HDUl+Sm95yY/ovck5UegZyu4IuBmKxiPm61gfMhsBSkhs9WAXYAf0Xs74EegjQoRaKMO2Cn4ESijgvAgo0IK2qgQgTYqRKCNCjdgOKPCeJxRYXyIUSElxKiQgjYqRKCNChFoo0IE2qgQgTZq4N7eGx5kVEhBGxUi0EaFCLRR7X5xgFFhPM6oMD7EqJASYlRIQRsVItBGhQi0USECbVSIQBsVIlBGBeFBRoUUtFEhAm1UiEAbtX7UMNyoMB5nVBgfYlRICTEqpKCNChFoo0IE2qgQgTYqRKCNChEoo4LwIKNCCtqoEIE2KkSgjWovFg4wKozHGRXGhxgVUkKMCiloo0IE2qgQgTYqRKCNChFoo0IEyqggPMiokII2KkSgjQoRXeOzuUTpu81+F3/W03vHfv9LV02lvruPcruo/f6oRa38rP7PIpwr9Ri1Pni4b/ONfhAxkULZU9Sey+ou194Sgbrw+cdF9xM+Ln3gly41z0LYa6YAftA3EpxTOega8m4kSPIOuka6Gwl2nQdds68bCZbBg65J1/pycVOKWY5AcNc04wTvesK7ZmsnHHZx1xztBMIe7pqZnUDYwV3zsRN4GFWT89vow579dLS8vxQQuoajQzj2E7qGJdRqMR1DY/QVzU/oq56f0FdGPwGlpxeDF9aPQivsR4VJDW2GlTrcqH4CVmpICJIaYMKlhqhgqSEqTGo4MWKlhgSs1OGTs58QJDXAhEsNUcFSQ1SY1HApw0oNCVipIQEr9cAF2YsJlxqigqWGqDCp4eYOKzUkYKWGBKzUkBAkNcCESw1RwVJDVJjUIEtGSw0JWKkhASs1JARJDTDhUkNUsNQQ1SW1PYuyJjVKYScctwlzAnELshOIm5ydwIBsyYkOzJYcQmC2BLVaaI7LllzR/IS+6vkJfWX0E1B6ejF4Yf0otMJ+VJjUuGypTepwo/oJWKlx2ZJXaly21Ck1LlvqlBqXLfmlxmVLbVLjsqU2qcMnZz8hSGpcttQpNS5b6pQaly35pcZlS21S47KlNqlx2VKb1AMXZC8mXGpcttQpNS5b8kuNy5bapMZlS21S47KlNqlx2ZJXaly21Ck1LlvqlBqXLfmlxmVLbVLjsqU2qXHZUpvUuGzJKzUuW+qUGpctdUqNy5ZuTIgg+Aqoccp0EdF9X9wVy2cFG/7lhD8yzXMln3gSoZu6/bz2m1VVGfbn4MznC9PQ6mvLnWeMkvprWxug/eB1svxtqSq4qlHU/N5W87ateHONtS7RBsKi4pkpK26+cMpT1J2SwrSf6cQcLkCRnu+VtVVYjZfFp5tOXfVU/bm1fuqscVGNz47a2vHLys7+qQe5r4qfGtduqqOp0UTWv8Zm/rjOEgN4bn7fq65r8sJqlDl+waW8YfWn1dz/UcmnRX10d8d+x8Cb45P66/K88drOq17A9npl6pfNz655erz+Av3mgr+n18/KuMy4NBMIb+lzewvK0O5eVXDxV/75/wAAAP//AwBQSwECLQAUAAYACAAAACEA36TSbFoBAAAgBQAAEwAAAAAAAAAAAAAAAAAAAAAAW0NvbnRlbnRfVHlwZXNdLnhtbFBLAQItABQABgAIAAAAIQAekRq37wAAAE4CAAALAAAAAAAAAAAAAAAAAJMDAABfcmVscy8ucmVsc1BLAQItABQABgAIAAAAIQDWZLNR9AAAADEDAAAcAAAAAAAAAAAAAAAAALMGAAB3b3JkL19yZWxzL2RvY3VtZW50LnhtbC5yZWxzUEsBAi0AFAAGAAgAAAAhAIdKN1GACAAAfUQAABEAAAAAAAAAAAAAAAAA6QgAAHdvcmQvZG9jdW1lbnQueG1sUEsBAi0AFAAGAAgAAAAhALf9e6jcBgAAyiAAABUAAAAAAAAAAAAAAAAAmBEAAHdvcmQvdGhlbWUvdGhlbWUxLnhtbFBLAQItABQABgAIAAAAIQC7qbkAfwYAALgWAAARAAAAAAAAAAAAAAAAAKcYAAB3b3JkL3NldHRpbmdzLnhtbFBLAQItABQABgAIAAAAIQDX8NrfOgIAAH0HAAASAAAAAAAAAAAAAAAAAFUfAAB3b3JkL2ZvbnRUYWJsZS54bWxQSwECLQAUAAYACAAAACEA8onIlL8BAABPBwAAFAAAAAAAAAAAAAAAAAC/IQAAd29yZC93ZWJTZXR0aW5ncy54bWxQSwECLQAUAAYACAAAACEACWGwtN4BAADfAwAAEAAAAAAAAAAAAAAAAACwIwAAZG9jUHJvcHMvYXBwLnhtbFBLAQItABQABgAIAAAAIQBM/5LTfwEAAO0CAAARAAAAAAAAAAAAAAAAAMQmAABkb2NQcm9wcy9jb3JlLnhtbFBLAQItABQABgAIAAAAIQDNNcSwRwsAAINxAAAPAAAAAAAAAAAAAAAAAHopAAB3b3JkL3N0eWxlcy54bWxQSwUGAAAAAAsACwDBAgAA7jQAAAAA', 38, 1, 'parole.docx', 'Ziyi'),
(60, 'data:application/vnd.openxmlformats-officedocument.wordprocessingml.document;base64,UEsDBBQABgAIAAAAIQA+UkjocQEAAKQFAAATAAgCW0NvbnRlbnRfVHlwZXNdLnhtbCCiBAIooAACAAAAAAAAAAAAAAAAAAAAAAAAAAAAAAAAAAAAAAAAAAAAAAAAAAAAAAAAAAAAAAAAAAAAAAAAAAAAAAAAAAAAAAAAAAAAAAAAAAAAAAAAAAAAAAAAAAAAAAAAAAAAAAAAAAAAAAAAAAAAAAAAAAAAAAAAAAAAAAAAAAAAAAAAAAAAAAAAAAAAAAAAAAAAAAAAAAAAAAAAAAAAAAAAAAAAAAAAAAAAAAAAAAAAAAAAAAAAAAAAAAAAAAAAAAAAAAAAAAAAAAAAAAAAAAAAAAAAAAAAAAAAAAAAAAAAAAAAAAAAAAAAAAAAAAAAAAAAAAAAAAAAAAAAAAAAAAAAAAAAAAAAAAAAAAAAAAAAAAAAAAAAAAAAAAAAAAAAAAAAAAAAAAAAAAAAAAAAAAAAAAAAAAAAAAAAAAAAAAAAAAAAAAAAAAAAAAAAAAAAAAAAAAAAAAAAAAAAAAAAAAAAAAAAAAAAAAAAAAAAAAAAAAAAAAAAAAAAAAAAAAAAAAAAAAAAAAAAAAAAAAAAAAAAAAAAAAAAAAAAAAAAAAAAAAAAAAAAAAAAAAAAAAAAAAAAAAAAAAAAAAAAAAAAAAAAAAAAAAAAAAAAAAAAAAAAAAAAAAAAAAAAAAAAAAAAAAAAAAAAAAAAAAAAAAAAAAAAAAAAAAAAAAAAAAAAAAAAAAAAAAC0lMtqwzAQRfeF/oPRtsRKuiilxMmij2UbaArdKvI4EdULafL6+47txJTixKVJNgZ55p57NYgZjjdGJysIUTmbsUHaZwlY6XJl5xn7mL707lkSUdhcaGchY1uIbDy6vhpOtx5iQmobM7ZA9A+cR7kAI2LqPFiqFC4YgXQMc+6F/BJz4Lf9/h2XziJY7GHJYKPhExRiqTF53tDvOkkAHVnyWDeWXhkT3mslBVKdr2z+y6W3c0hJWfXEhfLxhhoYb3UoK4cNdro3Gk1QOSQTEfBVGOriaxdynju5NKRMj2NacrqiUBIafUnzwUmIkWZudNpUjFB2n78th1xGdObTaK4QzCQ4Hwcnx2mgJQ8CKmhmeHAWEbca4vknUXO77QGRBJcIsCN3RljD7P1iKX7AO4MU5DsVMw3nj9GgO0MgbQGov6c/yApzzJI6q7dPWyX849r7tVGqe/5Pj75xJPTJ94NyI+WQt3jzaseOvgEAAP//AwBQSwMEFAAGAAgAAAAhAB6RGrfvAAAATgIAAAsACAJfcmVscy8ucmVscyCiBAIooAACAAAAAAAAAAAAAAAAAAAAAAAAAAAAAAAAAAAAAAAAAAAAAAAAAAAAAAAAAAAAAAAAAAAAAAAAAAAAAAAAAAAAAAAAAAAAAAAAAAAAAAAAAAAAAAAAAAAAAAAAAAAAAAAAAAAAAAAAAAAAAAAAAAAAAAAAAAAAAAAAAAAAAAAAAAAAAAAAAAAAAAAAAAAAAAAAAAAAAAAAAAAAAAAAAAAAAAAAAAAAAAAAAAAAAAAAAAAAAAAAAAAAAAAAAAAAAAAAAAAAAAAAAAAAAAAAAAAAAAAAAAAAAAAAAAAAAAAAAAAAAAAAAAAAAAAAAAAAAAAAAAAAAAAAAAAAAAAAAAAAAAAAAAAAAAAAAAAAAAAAAAAAAAAAAAAAAAAAAAAAAAAAAAAAAAAAAAAAAAAAAAAAAAAAAAAAAAAAAAAAAAAAAAAAAAAAAAAAAAAAAAAAAAAAAAAAAAAAAAAAAAAAAAAAAAAAAAAAAAAAAAAAAAAAAAAAAAAAAAAAAAAAAAAAAAAAAAAAAAAAAAAAAAAAAAAAAAAAAAAAAAAAAAAAAAAAAAAAAAAAAAAAAAAAAAAAAAAAAAAAAAAAAAAAAAAAAAAAAAAAAAAAAAAAAAAAAAAAAAAAAAAAAAAAAAAAAAAAAAAAAAAAAAAAAAAAAAAAAAAAAAAAAAAAAAAAAAAAAAAAAACsksFqwzAMQO+D/YPRvVHawRijTi9j0NsY2QcIW0lME9vYatf+/TzY2AJd6WFHy9LTk9B6c5xGdeCUXfAallUNir0J1vlew1v7vHgAlYW8pTF41nDiDJvm9mb9yiNJKcqDi1kVis8aBpH4iJjNwBPlKkT25acLaSIpz9RjJLOjnnFV1/eYfjOgmTHV1mpIW3sHqj1FvoYdus4ZfgpmP7GXMy2Qj8Lesl3EVOqTuDKNain1LBpsMC8lnJFirAoa8LzR6nqjv6fFiYUsCaEJiS/7fGZcElr+54rmGT827yFZtF/hbxucXUHzAQAA//8DAFBLAwQUAAYACAAAACEA37VMtgoBAAC/AwAAHAAIAXdvcmQvX3JlbHMvZG9jdW1lbnQueG1sLnJlbHMgogQBKKAAAQAAAAAAAAAAAAAAAAAAAAAAAAAAAAAAAAAAAAAAAAAAAAAAAAAAAAAAAAAAAAAAAAAAAAAAAAAAAAAAAAAAAAAAAAAAAAAAAAAAAAAAAAAAAAAAAAAAAAAAAAAAAAAAAAAAAAAAAAAAAAAAAAAAAAAAAAAAAAAAAAAAAAAAAAAAAAAAAAAAAAAAAAAAAAAAAAAAAAAAAAAAAAAAAAAAAAAAAAAAAAAAAAAAAAAAAAAAAAAAAAAAAAAAAAAAAAAAAAAAAAAAAAAAAAAAAAAAAAAAAAAAAAAAAAAAAAAAAAAAAAAAAAAAAAAAAAAAAAAAAAAAAAAAAAAAAAAAAAAAAACsk01LxDAQhu+C/yHM3aZddRHZdC8i7FUreM2m0w9skpKZVfvvDSu728WleOhx3jDP+wSS1frbduITA7XeKciSFAQ648vW1QreiuebBxDE2pW68w4VDEiwzq+vVi/YaY5L1LQ9iUhxpKBh7h+lJNOg1ZT4Hl08qXywmuMYatlr86FrlIs0XcowZkB+xhSbUkHYlLcgiqHH/7B9VbUGn7zZWXR8oUISMsebUWTqUCMrOCRJZIG8rLCYVYGHDscC+3mqPpuz3uyIvX2PbUeDJDmlsmW02ZTNck4bjrt4MtmPv+Gkw/2cDpV3XOhtN/I4RlMSd3NKfOH29c/bHIUHEXn27fIfAAAA//8DAFBLAwQUAAYACAAAACEAF7yxXZMNAAAfjAAAEQAAAHdvcmQvZG9jdW1lbnQueG1s7F1bj9vGFX4v0P9AKHVeCooidd9E66613sTNbrK17BTtizEiR9JkyRnuzFBaGXlw0jaxi7pJmntqA22QBAmS2CkCNGmMpEDzTwLv7V90hpS0uuxF95tlGCsOyTmcOef7zjkzw8uT53ccWylDyhDBmZAejoQUiE1iIVzMhK5eWVNTIYVxgC1gEwwzoSpkofPLP//Zk5Uli5ieAzFXhAjMliqumQmVOHeXNI2ZJegAFnaQSQkjBR42iaORQgGZUKsQamlGRI/4Wy4lJmRMXC8LcBmwUE2cudOdNIuCiqgsBcY0swQohztHMvSehcS1tJbqFGT0IUj00NA7RUV7FpXQZKs6BMX6EiRa1SEp3p+kYzqX6E+S0Skp2Z+kaKekVH+SOuDkdAKcuBCLgwVCHcBFkRY1B9Atz1WFYBdwlEc24lUhM5KoiwEIb/XRIlGrIcGJWj1LSGoOsaAdtepSSCbkUbxUq6826sumLwX1az/1GrSb/gdVVmvOwe+5RqEtdEEwKyG3wXCnX2niYKkupHxaJ8qOXT+v4upd0uUk97QaqPJIYDfNr+nfsYOWny5Rj3RhESmiUaObJrRes94SR6Dw6MJ9qaZJuXqXDqQuwOgQkDBRl5Cuywi0KfojajbJYbA3MfG6GFZ1jqhecYuDoeUpSjz3SBoaTNqlI+5XZBTuQVYNdc1MYIM1JlcCrnAJjrl0qYgJBXlbtEhgSBEwUHwLyL/CKookXWhZpAp5YlXlr6tUlkSqYV3OhCKRtaiup0S+Udu1CgvAs7k8kr6QiMaCmtT/sxn8rBHMmTgfMBMJjV5BjshGRLm0gllz2WT1grb8pNaoz5dlt5nod6VSCb+AgPBHnt9jV7MKBZCy0oYVL8RkFR5UHE4TRJHYhIrdZWBnQtFkdCWabWubtM4Sc4EplOlSyCAtw9Cy0tIW8dedlBq76cPyC6AMetBejuAiR0ou23T1ln2yBUc7um3F/q2be3e+2L356t7tDwfRX+2If9lpQq6J8zYpsoCrnlOtQgHgmJHU9XQqXOKOvQBwvwC+uro574jJA4tK9y4go6eNdFpfQGYgyFzJzh1kJFjCJrNwGEOubW9fi+kJPRETIyIxHkKmLcYVkANkMy2txxOpSDR93uPONQdayHMyFmKcorzHYdg1r4nUH5YB5mFMMFQ5YFuqFK9eEH+yxBFZvbVGibMBzBLCcB0CijcBMtSYX8EEDD4OHPcJC7q8dE1X5XUY8aiAzLCvs6BAvxR4+sqVOeeAKYbOSSPZgf9ULGakk3p8+PjXx4T/o+ss8N931nB5vQfljSjrPbj/zd6/Xt699+HezW/2P78/b3y0iCnnM4Bgn5/GyKEGg1rSP6ABF/l7NEnWHDG3IPfTmseKkF8S+1YsS4CLnTNS54z0TAN9kzap+3RDuLU+BT82wMV6CyFWr+aaGyivXDt7/Mjdu3Vj786tdqsc2+HRmeoMBZ1oQdMGjCmMC8y1GnMiqtz/4I/7b3269/XbQ8dV7fQ+cTUVyB4VovoDTt2xActBWIZyf4ZchWIDFyFlqhBVENsmDCPMIUXQo+Ei8crhAtVcPxHxbCRO1B7TRFAHnCMnL6Xb0OSUYLTtQaaJ6xVE2aNQw/4FgD3vPqeFD9+/8fDbPz/8z1eHL9/b//jTMbBC2hn5vQYFYbVMSE/EA5gs+DIUvpgUmeEihZjkZSqAKZOEWDlikeAJ057zuMzPs8AWLNkATJBBmz7gu5SQwkUqNc2rruguc6Ft57hgdw0zk7LBcoGGL7UO6k5q7kVs1Ro7Mhrv3vlq9+6Ng++/6GdGt3cOI2yJ82xYEMejiVoiPG76Tmmz5tSriP1boCgciFwzfZQi5MF/Xz/451+6IvpU+CV5XwVhAPMefdN0wU6BNhEhqa0Xo3Ebk/cQnTlRvA/v1YcRNyC2SZMRG2VpxKDgN6NlZGWsGqtRo1s4etRW1JHTZ/QdYbkRE2rkXTiBaXUPX4Q88B2Q+vfFIMw4sG1IlRfbB+6zaD+35PZiwOkm+iNggBli0Bywo8F8twTonJqp5tBaejcMmi9m/vrPVhuriYjnPX9VQoYeYJrEw1zzhOm0c8kL0Ri0IvEUUGNG2lRjUSOqpgpJSy0Y8UTESMf0eDx1LrmqMVZSt2CVaUpDXhuWm5Uz5Jm09x8cvv/K4Zs/7P314zFAbErHugM3a4JgPN5tWEF3xfUo4nD0vn6YA8EwcF0bhgvCKnDUXn3E48HZ0fuK1HmuRCortr2GbMhmW/FqnhBb4dRrvf9hat3HFCNjC9l2ewIye3h45tL6urLW6VKmN6CcoqzBYv7eez/sf/Td4QevH7z72t47rz588O8Z0ch0YaqeBAZP5cjHoMIeRmVVpP8UIAzl+pX47wAmxsyaYURSarCtirE0xEiu/aryoScoq297UHWJR1UbqKL1EJtQtSBTLYIxhMy/7WUcE9jTjdy3v9r98pP9rx/sv/X1wf1vFq59IFzbAo2XofSI0NoERXiBQrDlV+TLa8AUOvnxs9n2+oJASi4gE1MgV65As4TF+LyIRPlZgM3q//6xNENJ2obwFj9+VnMXM56hCXPIPB+Zge8cOpcX67+PbsBeLiKumPLVBspPNz4JPyrYmpHw1ddMasT/Fxxg1+t7ja7XwVhpxO5yAr063rPKuUSRXyoqn9Ip/gFNSVn7w6gTWBKbv+GMdJnAsmZljDEp5QWhhTiO+FEdEV7ujJxkQ2t6oVAYsRMcWlN/unF3AcSzgeh6bXFtoacT9DSCFdQ51JOMBsO/eW00ijpFJwOuiT64uf/5/d3X3ji88dLQdbEY/40By6dP2LY+A7wOie1FIp0PASfTupGOxRKLjOhsx9GiolFy8+DGS4fv3jv88L3dj27v3X15DPRcMHF0THSqYcLkk+vAp2I+b9lFn55aKhpPpIb1vPjJeuwunHSnjDZKKCUvPzZa7N78++6D73bvv3L4t95v4+k1OvWC9ikxyOkwbH+XTtVUk/F4OpJOxNOaq0WT8WjCSMzSEtwUD0IFNTqZMWNrFwVClYumjdy212sMAw+LCDTWXLDlDk7XhjuckK2xPFM60znf8Xeqjgb/iwHSRAdI29vXokkjlkoZkY4xkh4xEqlkRE8u4uJE4uIpDRssoXz47Zd777w6tpeOLCg+ZorLlNdFALMSxH7OW2e2kYhH9Wg6puvJRRQ8i7ObT7e/S2F0jDz80+397+8tuDh/XLRRnkKTeJT58dYhlieImLcsDROqn38+41KE2xbzp1fHIyPA3ttf7d2+t/vdmyIkHdz/cv/WzTGQYfK4n5twUyUe9/LBa/4qgJul8+VMKrr5e7T5u2fX+G+GNtl3Zop3ijZWKAJ2kzYaZamNoODLOOF+lma4uiXXqfpvAWsLEQPkdMNrXnfPKw2XzF2pLZjJbHD94N4PIurt3f3D4fuvDwKQ2hG/FaOr0ky3gTl3prWuYuR/4on/+JkF12tPHbxoYn0D/nrnehabO+gKZFkzur5+kfFnWIw9l9/JXco9/3wlB7XtbHFno/pLfYevblSfXc1G2PpGZeP6SmVlZQWskudYJZMZiJNTr79nYFUhhd5vkhtmy5Yv2IABB20Pz0kMSTsT1ssaBU6F0K1e9DJvAK1HT/nuSGYDDoFnIRIG1z0KKzAvmA/9lHG+adpYLJTfuUK4AKl8nmPyWhhhlanLEp+GdhlyZIImc7bskyY92nFasD8zlTzlsaQTnnWXL4amSt5DttXPXc8dJxSF7xlkTnCc2uLLIst0XZOijle9D3tRbazdOiEohc/qo7TdSO/8HjHTuh2P9Y+XGl2ohxVV8MVVUpGlVERRVQwcqDjVFdfNSjRFFbWshH6x+dvV0JLWczIwff0uj/wVQaPvgxxIa/59CGJ4uZQMGyoQFCmN4yUHE3cKMxK+WgkmnxIoK5JEY+DQeLs5ej5NQcBpEE6TnjIqpElfOWeW7C+DONbNtHmUiYfXLsnqf9eXMKh4rgiEfiY5dJe6mFweQUBsvAbUXz3355aZjRwRHbWc+FWzjBYURck8XuRPKNnc5bVHwqzN6ziJ2HStlQ3ZQUsAKO0I8D+WgcpQlTjIAwZdwEvDX0DrNP3Ain/08NA1xUuEwx3guDYM7tItUK1e1lTtkm17DsKAw3NGPJ5dBRxIw/uFLHCZZwfbGwCDIqSihsCGilpqmVZTLdM8qmU6QS3V/yyQ2mjGcZ/YHDtvvPpO+RVnGw5Cpo71nxlxAgtqzza15fKwDNsFChwoZ/19gvufgCvHNAdZlg0rgEINUkqoWgLYsgXY55x/M4zjviE7ZOt0gn3w2eDRt1ZiALtOG7LPGF2fNhM6rlZPzUpiVyo+7s3aZ6p5ooqEO7LQxbuysunIxWziODq2Htls2hWgaJxSVldiqYsNt9UspaFpvsw4dIXDh2FTpF6Q/8ok/pfz2qyWJ2TLAXTLR5EQiCwhTUqWk9qZ0LWnyAVgbgWtq5970fdDwZmB+n1FMjF22JTmae+B37NiTr6xppIJ6Xo64l+hJD8Gl6r7Mbe4AXzsEFfsj+lJv3uoWOJHxTzhnDhH5cAV1kslCCwo3HrS8MUXCPG/uVArFj3uF2uXE1CSAKxBRZ4T9CTohL+ZJ1bV3xDx1HMg5sv/BwAA//8DAFBLAwQUAAYACAAAACEAtOYN8wwEAAAoEQAAFQAAAHdvcmQvdGhlbWUvdGhlbWUxLnhtbORYS2/jNhC+F+h/IHjfleVX7CDOYu3Y6KEtisRFz7RES9pQlEAycfLvOxxSsh5217vJogWag0VS38w3D86Qys2nl1yQZ650VsgFDT8OKOEyKuJMJgv653bzYUaJNkzGTBSSL+gr1/TT7c8/3bBrk/KcE5CX+potaGpMeR0EOoJlpj8WJZfwbl+onBmYqiSIFTuA3lwEw8FgGuQsk5RIloPaO75nT8KQrdVJbyvtawE/0mi7EAn1YHXztgiC48fQPvSrXglFnplYUGCKi8OWvxhKBNMGXizoAP9ocHsT1ELCnJFtyG3wz8t5gfhxiHIq2dWC4WY8v7qr9SNAmD5uvV6v1mGtDwEsisBVZ0sTO97MwmWlswFyw77u1WAyGLfxDf2jHn6+XC4n8xYeQW447uFng+n487CFR5AbTvr2Lz+vVtMWHkFuOO3hN1fz6biNR1AqMvnYQ9t81pmpIftC/HISPgP4rNoAR1TQ2F5OXpqzmy1nXwq1AQRml5lMEvNaAiAC4DbLuSa/8wO5L3ImLRO75qyBcEuR7iwFHcV5Jn8Qy1ExxqDyFP3Oz7u9z4R4MK+C/6rRJl2ILN7AIk5Qqg5zmcLQ87VwiWI4Jqowf2UmfUhZCTwhMiTaq040KQsNycXlk7rtC4iJcWuTqqwBzcxvReyWR81yr9XgLMGeUhGNrIJLyUZXbyMLHfBCthBN67PVLp9kw4ePJmxxwmw7D6dDR010xASPbdydgiot754inbKY+xxZv/uOhBi3C8JmS/dytrlV+wa2S5LUpBufoauy95YsVQqOWbKF2ylHIdszcgCrJsMJJRErF3QPLQSGeQn6tEwoYSKBAz8y3pWvFnPX4dPbMhycdbhFUSpt7phOnRS+qk5DebR/OBnbOLyPAye60WVWjGbhv2gFPpqp5fs9j8yZlePUvyueDFcPaXwgO/Gk7hnYbbcq+BNn2kCIqwnccmy0cdaufF8F3VPXVwcTZcp8T7IlWnno4DiubcBZw7x61rH9O13Bkn8nV5rb+H/mit25XPJRbIcR3AMUI3aPLmihTFpAFyrTLNoouDkgF9gFN2VjTSLCfkVYW/nzsW85HVhQWZKa+ywhKoNOZ1LF+R/G+/kVZaHvir4yvCLfZ2pzdemeO/7MxdZW79T6T0ladRMfCMR1k9ae+2DsEluo/9Wbj9s233o9OBI5+UvJGk2/cRTM32bCNx61rmP16IaTi4/akpmU2B9o3JmKhPvgtAfqtriH7BNR3SgJbMQP7uJBbCm60Q5sdouOzapyDD/qGnVMQc3bCXazON4x2PV1qRPsf6b7/mD7USvWzX10ItRBv0SDxpcMznr/TCh2X4Dbf95o9I+/GMVW1Vcg6HGMKHr7NwAAAP//AwBQSwMEFAAGAAgAAAAhADbPm/F8AwAAzQgAABEAAAB3b3JkL3NldHRpbmdzLnhtbKRW247bNhB9L5B/MPQcrS6WFK8Qb+Brs8FuGsRbBOgbJVE2sbwIJGXHKfrvHVKi5WCNwpu+2OScmTMXzoz9/sN3Rkd7LBURfOpFN6E3wrwUFeHbqffn09qfeCOlEa8QFRxPvSNW3oe7N7+9P+QKaw1qagQUXOWsnHo7rZs8CFS5wwypG9FgDmAtJEMarnIbMCSf28YvBWuQJgWhRB+DOAwzr6cRU6+VPO8pfEZKKZSotTHJRV2TEvdfzkJe47czWYqyZZhr6zGQmEIMgqsdaZRjY7/KBuDOkez/K4k9o07vEIVXpHsQsjpZXBOeMWikKLFS8ECMugAJHxwnL4hOvm/Ad5+ipQLzKLSn88jT1xHELwiyklSv48h6jgAsz3gUfh1N6mjUkeHvjkjRa0rbQQ+kkEh2jdvXlZX5/ZYLiQoK4UB9R1CikY3OfJqI72BofgjBRoe8wbKEzoGJG8deYAB4L1FvNNKgnqsGU2pHsKQYAfsh30rEYHicxNpUuEYt1U+o2GjRgNIeQRLvwkkH747NDnPb4n/B8Do8idMOL3dIolJjuWlQCd4WgmspqNOrxGehFzCoEvqot7Bja06twuvVAzqKVp8hm24lAANHDMrw05g/igqbTFpJrn8vY2Cjifo6XXYE4XwDbXjc8RPk9DwXWgv2cSjA/3Bs/AbnucOyrJQ7fBVCO9UwXI+jaBJ2kRp0QG7n2ThJLiGL23C1yC4hy1kyWV20GfwEp3hYblbQF+lOa3jOEessFogVkqDRo1lSgdEo5POccIcXGJocnyObtnCg73eAYojSNZTXATYAlldENUtc2zN9RHI78PYa8qIU2vfTicuMA5a/S9E2HXqQqLnnFR6SiJKktyRcPxDm5KotNs6Kw1ieQS2v/thLW6ehPIdcw+NjU58HZJvI6tbSX381z46R0jNF0NT7sfMXn/u+o3JjegY/oqbpWq/YRlOPku1OR8ZMw62Cnzd7KbZxj8UWizvMXlBpkgXt/jDIYic70xs72XiQJU6WDLLUydJBljlZZmSwD7CEtfIMU+CORl4LSsUBVx8H/IXILZySQBNsjqwY9sRNh1GiYCwbWClaSIe9tViU5JUo76F/4WTl2TjOwtV81cHpCU47+O9ZukrfzcYrPwyT0I+yJPUn4Tjzl8v0dracz9bxZP5P3/7uf8jdvwAAAP//AwBQSwMEFAAGAAgAAAAhAHQ/OXrCAAAAKAEAAB4ACAFjdXN0b21YbWwvX3JlbHMvaXRlbTEueG1sLnJlbHMgogQBKKAAAQAAAAAAAAAAAAAAAAAAAAAAAAAAAAAAAAAAAAAAAAAAAAAAAAAAAAAAAAAAAAAAAAAAAAAAAAAAAAAAAAAAAAAAAAAAAAAAAAAAAAAAAAAAAAAAAAAAAAAAAAAAAAAAAAAAAAAAAAAAAAAAAAAAAAAAAAAAAAAAAAAAAAAAAAAAAAAAAAAAAAAAAAAAAAAAAAAAAAAAAAAAAAAAAAAAAAAAAAAAAAAAAAAAAAAAAAAAAAAAAAAAAAAAAAAAAAAAAAAAAAAAAAAAAAAAAAAAAAAAAAAAAAAAAAAAAAAAAAAAAAAAAAAAAAAAAAAAAAAAAAAAAAAAAAAAAAAAAAAAAACMz7GKwzAMBuD94N7BaG+c3FDKEadLKXQ7Sg66GkdJTGPLWGpp377mpit06CiJ//tRu72FRV0xs6dooKlqUBgdDT5OBn77/WoDisXGwS4U0cAdGbbd50d7xMVKCfHsE6uiRDYwi6RvrdnNGCxXlDCWy0g5WCljnnSy7mwn1F91vdb5vwHdk6kOg4F8GBpQ/T3hOzaNo3e4I3cJGOVFhXYXFgqnsPxkKo2qt3lCMeAFw9+qqYoJumv103/dAwAA//8DAFBLAwQUAAYACAAAACEAYfJNHuUAAAA/AQAAGAAoAGN1c3RvbVhtbC9pdGVtUHJvcHMxLnhtbCCiJAAooCAAAAAAAAAAAAAAAAAAAAAAAAAAAAAAAAAAAAAAAAAAAABkj0FrhDAQhe+F/geZe4zGstXFuEhV2GtpodcQx92AyYiJpVD63xvZ07an4c0w73uvPn3ZOfnE1RtyEvI0gwSdptG4i4T3t4GVkPig3KhmcijBEZyax4d69MdRBeUDrXgOaJO4MHGeOwnf3UuXFZXoWXUon1kvngbWijxnQ98Xoq3asijEDyQR7aKNl3ANYTly7vUVrfIpLejicaLVqhDleuE0TUZjR3qz6AIXWXbgeot4+2FnaPY8t+9XnPy93KNtq/lHUcsyY6rJck2a1M3TYlB7MeBNzf+Y7vqudPMLAAD//wMAUEsDBBQABgAIAAAAIQDNNcSwRwsAAINxAAAPAAAAd29yZC9zdHlsZXMueG1svJ3bcts4Eobvt2rfgaWr2QvHZztxjTNlO/HaNbHHEzmba4iELKxBQguSPszTLwhSEuQmKDbY45vEEtUfDj9+AM2D9OtvL6mMnrjOhcpOR7sfdkYRz2KViOzhdPTj/nLr4yjKC5YlTKqMn45eeT767fM///Hr80levEqeRwaQ5SdpfDqaFcX8ZHs7j2c8ZfkHNeeZOThVOmWFeakftlOmH8v5VqzSOSvEREhRvG7v7ewcjRqM7kNR06mI+RcVlynPChu/rbk0RJXlMzHPF7TnPrRnpZO5VjHPc9PoVNa8lIlsidk9AKBUxFrlalp8MI1pamRRJnx3x/6VyhXgEAfYA4CjWCQ4xlHD2DaRDifnOMzhApO/pvxlFKXxyfVDpjSbSEMyXROZ1kUWXP1bFfbZDI5ExV/4lJWyyKuX+k43L5tX9r9LlRV59HzC8liIe1MZQ0yFgV+dZbkYmSOc5cVZLph78GvzXnV8Vn2wNTLOC+ftc5GI0XZVaP6XOfjE5Olo72DxzkVVibX3JMseFu9N9dbld7cyp6O/ZlsXt9VbE8M9HTG9NT6rArebttX/Oy2eL1/Vn3rTPWbsmpE8rg1ljvLpNxU/8mRcmAOno52qKPPmj+s7LZQ2pjkdffrUvDnmqbgSScIz54PZTCT854xnP3KerN7/89IO/OaNWJWZ+Xv/+NBKJvPk60vM55WNzNGMVb13WwXI6tOlWBVuw/+3gO02fdYWP+Osmkui3bcIW30UYq+KyJ3WtjPLN223n0IVtP9eBR28V0GH71XQ0XsVdPxeBX18r4Is5u8sSGQJf6mNCIsB1E0cjxvRHI/Z0ByPl9Acj1XQHI8T0BzPQEdzPOMYzfEMUwSnULFvFDqDfd8z2ru5m9eIMO7mJSGMu3kFCONunvDDuJvn9zDu5uk8jLt59g7jbp6s8dx6qxVdG5tlxWCXTZUqMlXwqOAvw2ksMyybYNHwqkWPa5JGEmDqma1ZiAfTYmZfbx4h1qTh63lRpWCRmkZT8VBqk5cPrTjPnrg0GXLEksTwCIGaF6X29EjImNZ8yjXPYk45sOmgUmQ8ysp0QjA25+yBjMWzhLj7FkSSSWE5oFlZzCqTCIJBnbJYq+FVU4xsfvgm8uF9VUGi81JKTsS6pRliljU8N7CY4amBxQzPDCxmeGLgaEbVRQ2NqKcaGlGHNTSifqvHJ1W/NTSifmtoRP3W0Ib3270opJ3i3V3Hbv9zdxdSVafEB9djLB4yZjYAw5eb5pxpdMc0e9BsPouqU8jtWLfN2HLOVfIa3VOsaUsS1b7eDpEL02qRlcM7dI1GZa4lj8heSx6RwZa84Ra7MdvkaoN2RZPPjMtJ0WpaS+pl2jGTZb2hHe42VgwfYSsDXAqdk9mgHUswgm+r7WwlJ8XMt6rl8IqtWMNt9XZWIq1egySopVTxI800fPU659qkZY+DSZdKSvXMEzriuNCqHmuu5fesJL0s/zWdz1gubK60hui/1C8upkc3bD64QXeSiYxGt69bKRMyottBXN3ffIvu1bxKM6uOoQGeq6JQKRmzORP4y08++RdNBc9MEpy9ErX2jOj0kIVdCIJFpiaphIhktpkiEyRrqOX9zl8niumEhnaneX3/SsGJiGOWzutNB4G3zLz4bOYfgt2Q5f2HaVGdF6Iy1T0JzDltmJeT//J4+FR3qyKSM0N/lIU9/2i3ujaaDjd8m7CGG75FsGqa5aEavwSNXcMNb+wajqqxF5LlufBeQg3mUTV3waNu7/Dkr+EpqfS0lHQduACS9eACSNaFSpZpllO22PIIG2x51O0lHDKWR3BKzvL+rUVCJoaFUSlhYVQyWBiVBhZGKsDwO3Qc2PDbdBzY8Ht1ahjRFsCBUY0z0uWf6CqPA6MaZxZGNc4sjGqcWRjVONv/EvHp1GyC6ZYYB0k15hwk3UKTFTydK830KxHyq+QPjOAEaU2702paPdigsvombgJkdY5aEm62axyVyD/5hKxqFYuyXgRnRJmUShGdW1stODZy/d61TWH2mYvBVbiTLOYzJROuPW3yx5p8eTxncXOaHlzu63Xa85t4mBXReLY82+9ijnY2Ri4S9rWwzQW29fnRXkfYDU9EmS4qCh+mONrvH2xH9Frw4pmXjuDVTmIt8rBnJCzzaHPkape8FnncMxKW+bFnpPXpWmSXH74w/dg6EI67xs8yx/MMvuOuUbQMbi22ayAtI9uG4HHXKFqzSnQWx9XVAqhOP8/44/uZxx+PcZGfgrGTn9LbV35El8G+8ydRreyYSdOWt7x7Asz7dhPda+b8s1T1efu1C079H+q6NhunLOdRK2e//4WrtVnG34+9pxs/ove840f0noD8iF4zkTccNSX5Kb3nJj+i9yTlR6BnK7gi4GYrGI+brWB8yGwFKSGz1YBdgB/RezvgR6CNChFoow7YKfgRKKOC8CCjQgraqBCBNipEoI0KN2A4o8J4nFFhfIhRISXEqJCCNipEoI0KEWijQgTaqBCBNmrg3t4bHmRUSEEbFSLQRoUItFHtfnGAUWE8zqgwPsSokBJiVEhBGxUi0EaFCLRRIQJtVIhAGxUiUEYF4UFGhRS0USECbVSIQBu1ftQw3KgwHmdUGB9iVEgJMSqkoI0KEWijQgTaqBCBNipEoI0KESijgvAgo0IK2qgQgTYqRKCNai8WDjAqjMcZFcaHGBVSQowKKWijQgTaqBCBNipEoI0KEWijQgTKqCA8yKiQgjYqRKCNChFd47O5ROm7zX4Xf9bTe8d+/0tXTaW+u49yu6j9/qhFrfys/s8inCv1GLU+eLhv841+EDGRQtlT1J7L6i7X3hKBuvD5x0X3Ez4ufeCXLjXPQthrpgB+0DcSnFM56BrybiRI8g66RrobCXadB12zrxsJlsGDrknX+nJxU4pZjkBw1zTjBO96wrtmayccdnHXHO0Ewh7umpmdQNjBXfOxE3gYVZPz2+jDnv10tLy/FBC6hqNDOPYTuoYl1GoxHUNj9BXNT+irnp/QV0Y/AaWnF4MX1o9CK+xHhUkNbYaVOtyofgJWakgIkhpgwqWGqGCpISpMajgxYqWGBKzU4ZOznxAkNcCESw1RwVJDVJjUcCnDSg0JWKkhASv1wAXZiwmXGqKCpYaoMKnh5g4rNSRgpYYErNSQECQ1wIRLDVHBUkNUmNQgS0ZLDQlYqSEBKzUkBEkNMOFSQ1Sw1BDVJbU9i7ImNUphJxy3CXMCcQuyE4ibnJ3AgGzJiQ7MlhxCYLYEtVpojsuWXNH8hL7q+Ql9ZfQTUHp6MXhh/Si0wn5UmNS4bKlN6nCj+glYqXHZkldqXLbUKTUuW+qUGpct+aXGZUttUuOypTapwydnPyFIaly21Ck1LlvqlBqXLfmlxmVLbVLjsqU2qXHZUpvUAxdkLyZcaly21Ck1LlvyS43LltqkxmVLbVLjsqU2qXHZkldqXLbUKTUuW+qUGpct+aXGZUttUuOypTapcdlSm9S4bMkrNS5b6pQaly11So3Llm5MiCD4CqhxynQR0X1f3BXLZwUb/uWEPzLNcyWfeBKhm7r9vPabVVUZ9ufgzOcL09Dqa8udZ4yS+mtbG6D94HWy/G2pKriqUdT83lbztq14c421LtEGwqLimSkrbr5wylPUnZLCtJ/pxBwuQJGe75W1VViNl8Wnm05d9VT9ubV+6qxxUY3Pjtra8cvKzv6pB7mvip8a126qo6nRRNa/xmb+uM4SA3huft+rrmvywmqUOX7Bpbxh9afV3P9RyadFfXR3x37HwJvjk/rr8rzx2s6rXsD2emXql83Prnl6vP4C/eaCv6fXz8q4zLg0Ewhv6XN7C8rQ7l5VcPFX/vn/AAAA//8DAFBLAwQUAAYACAAAACEANanFt1QBAACBAgAAEQAIAWRvY1Byb3BzL2NvcmUueG1sIKIEASigAAEAAAAAAAAAAAAAAAAAAAAAAAAAAAAAAAAAAAAAAAAAAAAAAAAAAAAAAAAAAAAAAAAAAAAAAAAAAAAAAAAAAAAAAAAAAAAAAAAAAAAAAAAAAAAAAAAAAAAAAAAAAAAAAAAAAAAAAAAAAAAAAAAAAAAAAAAAAAAAAAAAAAAAAAAAAAAAAAAAAAAAAAAAAAAAAAAAAAAAAAAAAAAAAAAAAAAAAAAAAAAAAAAAAAAAAAAAAAAAAAAAAAAAAAAAAAAAAAAAAAAAAAAAAAAAAAAAAAAAAAAAAAAAAAAAAAAAAAAAAAAAAAAAAAAAAAAAAAAAAAAAAAAAAAAAAAAAAAAAAAAAjJLRSsMwFIbvBd+h5L5N2qqM0nagsisHghOHdyE524JNGpK4bs8gDF/CSx9L9hq23datuAsvk/87H+ecJB2uZOEtwVhRqgyFAUEeKFZyoeYZep6M/AHyrKOK06JUkKE1WDTMLy9SphNWGng0pQbjBFivNimbMJ2hhXM6wdiyBUhqg5pQdTgrjaSuPpo51pS90TngiJAbLMFRTh3FjdDXnRHtlZx1Sv1uilbAGYYCJChncRiE+Mg6MNKeLWiTE1IKt9ZwFj2EHb2yogOrqgqquEXr/kM8HT88taP6QjW7YoDylLOEGaCuNPl28+H9fH9uvzYpPrluVlhQ68b1tmcC+O26R/5NmwIDS9G8VX7VEt0x3Q++swP36oaT3XiH5CW+u5+MUB6RKPRD4kfhhAySeJAQ8to01qs/CuW+gf8Y48Z4HfWNB0Hedtz/NPkvAAAA//8DAFBLAwQUAAYACAAAACEAHt1LsZEAAACnAAAAEwAoAGN1c3RvbVhtbC9pdGVtMS54bWwgoiQAKKAgAAAAAAAAAAAAAAAAAAAAAAAAAAAAAAAAAAAAAAAAAAAARMuxCsIwEIDhVwm3m9QKIpKkg+CkdFF0PdKjLTS5khyib2/r4vx/v23ecVIvymXk5GCrK1CUAndj6h3cb+fNAVQRTB1OnMjBhwo03kYSVMuaioNBZD4aU8JAEYvGeZ5IB44mcGA0dVXtzeo7FARve0qUUTj709rb9nm9PPIolBda13pnzZ/Y3+m/AAAA//8DAFBLAwQUAAYACAAAACEAk0iEuc8CAAB9CgAAEgAAAHdvcmQvZm9udFRhYmxlLnhtbLxVS27bMBDdF+gdBO4TUYrtyEaUID8jXTSLxj0AQ1E2UZEUSNqOz9BV0Xv0AkVv0y56iw4pKXErO4oKtBRkUMPh48zjm/HJ2YMoghXThiuZougQo4BJqjIu5yl6P5seJCgwlsiMFEqyFG2YQWenr1+drCe5ktYEsF+aiaApWlhbTsLQ0AUTxByqkklYzJUWxMKnnoeC6A/L8oAqURLL73nB7SaMMR6hGka/BEXlOafsStGlYNL6/aFmBSAqaRa8NA3a+iVoa6WzUivKjIGcRVHhCcLlI0w0aAEJTrUyKreHkEwdkYeC7RH2M1E8AQz7AcQtgBHlWT+MUY0Rws4tHMP6wQwbGLMR7AEFgk7ezKXS5L4AJKAmgOwCD+x+3WGntTaC9UQSAV4zLpgJbtk6eKcEkd6hJFIZFoHPihQpwjE8I3yEh3gAbwyzAQqdI10QbZgDqxxxZc6J4MWmsWqP6xdKbumisa+I5i7SasnwOSwszT1O0TXGOD6/nqLKEqXoEizHySCqLbE7y49xbTl6tGBnoR7Hf0ZTj0M9zqMPnBlWTLQYuePiblkRQQp7C7Ym4h9fPn7/9rlOpcVRBBxh4CZqnp0cJaNdHJGlVb0oqvM4eqIoTpJpk/42RdGog6KBc+pHkRfNTqm4MWwggJQa6IVS6U2DUwqOqxuuaHCHx3h43lJKQ8wzShn3VYqSc8uDu8s9VVMpYtChiM6qkcrO9JLNNiVrc5OxnCwL+1yYb5ks1J4QLyDEMYg2gTBdmfcpbKEypndVds4fWLbjsoCN+LfLugKBTMfTi63L8pKJk+7Luup5WeegoeIZFqr8q6cPC2bNjfmL9rbNQ93emmr+p+3thhUrZjkle+v3j/H/6/c4GW5Loomjk4re9cvFDeO7Ov3Pr586Ov0Y3r/p9H2Lpk6j+edzmSXY09Zq9F0MuUbfWPYxVE/M6S8AAAD//wMAUEsDBBQABgAIAAAAIQBKXMEeCAEAAFwCAAAUAAAAd29yZC93ZWJTZXR0aW5ncy54bWyU0EFuwyAQBdB9pd4BsY+xo8aqrDjZVJW6bnsAjMcJCsNYDKnj25e4Tlspm2SDQPAffNbbEzrxBYEt+VoWWS4FeEOt9btafn68Lp6l4Kh9qx15qOUILLebx4f1UA3QvEOM6SSLpHiu0NRyH2NfKcVmD6g5ox582uwooI5pGXYKdTgc+4Uh7HW0jXU2jmqZ56WcmXCLQl1nDbyQOSL4OOVVAJdE8ry3PV+04RZtoND2gQwwpz7ofjzU1v8yxdMVhNYEYupilsrML5qoFC/yaYbuD1jdByyvgNLY9j6jnA2Vkv8chvuY1YXhEeEkBZrqbecp6MYlKX2NSO3EBJ/H82Vq8w0AAP//AwBQSwMEFAAGAAgAAAAhADaDALh6AQAAzgIAABAACAFkb2NQcm9wcy9hcHAueG1sIKIEASigAAEAAAAAAAAAAAAAAAAAAAAAAAAAAAAAAAAAAAAAAAAAAAAAAAAAAAAAAAAAAAAAAAAAAAAAAAAAAAAAAAAAAAAAAAAAAAAAAAAAAAAAAAAAAAAAAAAAAAAAAAAAAAAAAAAAAAAAAAAAAAAAAAAAAAAAAAAAAAAAAAAAAAAAAAAAAAAAAAAAAAAAAAAAAAAAAAAAAAAAAAAAAAAAAAAAAAAAAAAAAAAAAAAAAAAAAAAAAAAAAAAAAAAAAAAAAAAAAAAAAAAAAAAAAAAAAAAAAAAAAAAAAAAAAAAAAAAAAAAAAAAAAAAAAAAAAAAAAAAAAAAAAAAAAAAAAAAAAAAAAAAAnFJNT8MwDL0j8R+q3lnKGBOavCA0hDjwMWkFzlHithFpEiUBsX+PQ1kp4kZO9rP98vwSuPzoTfGOIWpn1+XprCoLtNIpbdt1+VTfnFyURUzCKmGcxXW5x1he8uMj2AbnMSSNsSAKG9dll5JfMRZlh72IMypbqjQu9CJRGlrmmkZLvHbyrUeb2Lyqlgw/ElqF6sSPhOXAuHpP/yVVTmZ98bnee+LjUGPvjUjIH/KkmSmXemAjCrVLwtS6R14RPCawFS1GfgZsCODFBRX5YkFdQwibTgQhEznI54v5ObAJAFfeGy1FInP5vZbBRdek4vFLcZEJgE1bgLbYoXwLOu2zkGkKd9qSgjnBQ0TagmiD8F3k51ngmMFOCoMbMoA3wkQE9gPAxvVeWOJjY0R8r/HJ1+46e/E98hucrPmiU7fzQmYxF8tquvCkBDtCUdEGo4YRgFt6lWDyBTRrW1SHnr+FbOHz8D356XJW0fny7IDR4uO/4Z8AAAD//wMAUEsBAi0AFAAGAAgAAAAhAD5SSOhxAQAApAUAABMAAAAAAAAAAAAAAAAAAAAAAFtDb250ZW50X1R5cGVzXS54bWxQSwECLQAUAAYACAAAACEAHpEat+8AAABOAgAACwAAAAAAAAAAAAAAAACqAwAAX3JlbHMvLnJlbHNQSwECLQAUAAYACAAAACEA37VMtgoBAAC/AwAAHAAAAAAAAAAAAAAAAADKBgAAd29yZC9fcmVscy9kb2N1bWVudC54bWwucmVsc1BLAQItABQABgAIAAAAIQAXvLFdkw0AAB+MAAARAAAAAAAAAAAAAAAAABYJAAB3b3JkL2RvY3VtZW50LnhtbFBLAQItABQABgAIAAAAIQC05g3zDAQAACgRAAAVAAAAAAAAAAAAAAAAANgWAAB3b3JkL3RoZW1lL3RoZW1lMS54bWxQSwECLQAUAAYACAAAACEANs+b8XwDAADNCAAAEQAAAAAAAAAAAAAAAAAXGwAAd29yZC9zZXR0aW5ncy54bWxQSwECLQAUAAYACAAAACEAdD85esIAAAAoAQAAHgAAAAAAAAAAAAAAAADCHgAAY3VzdG9tWG1sL19yZWxzL2l0ZW0xLnhtbC5yZWxzUEsBAi0AFAAGAAgAAAAhAGHyTR7lAAAAPwEAABgAAAAAAAAAAAAAAAAAyCAAAGN1c3RvbVhtbC9pdGVtUHJvcHMxLnhtbFBLAQItABQABgAIAAAAIQDNNcSwRwsAAINxAAAPAAAAAAAAAAAAAAAAAAsiAAB3b3JkL3N0eWxlcy54bWxQSwECLQAUAAYACAAAACEANanFt1QBAACBAgAAEQAAAAAAAAAAAAAAAAB/LQAAZG9jUHJvcHMvY29yZS54bWxQSwECLQAUAAYACAAAACEAHt1LsZEAAACnAAAAEwAAAAAAAAAAAAAAAAAKMAAAY3VzdG9tWG1sL2l0ZW0xLnhtbFBLAQItABQABgAIAAAAIQCTSIS5zwIAAH0KAAASAAAAAAAAAAAAAAAAAPQwAAB3b3JkL2ZvbnRUYWJsZS54bWxQSwECLQAUAAYACAAAACEASlzBHggBAABcAgAAFAAAAAAAAAAAAAAAAADzMwAAd29yZC93ZWJTZXR0aW5ncy54bWxQSwECLQAUAAYACAAAACEANoMAuHoBAADOAgAAEAAAAAAAAAAAAAAAAAAtNQAAZG9jUHJvcHMvYXBwLnhtbFBLBQYAAAAADgAOAJQDAADdNwAAAAA=', 70, 2, 'James Gosling.docx', 'Tania');

-- --------------------------------------------------------

--
-- Structure de la table `Contact`
--

CREATE TABLE `Contact` (
  `idContact` int(12) NOT NULL,
  `nomContact` varchar(50) NOT NULL,
  `idGroupContact` int(12) DEFAULT NULL,
  `idUtilisateur` int(50) DEFAULT NULL,
  `idMessage` int(12) DEFAULT NULL,
  `individuel` int(50) DEFAULT NULL
) ENGINE=InnoDB DEFAULT CHARSET=utf8;

--
-- Déchargement des données de la table `Contact`
--

INSERT INTO `Contact` (`idContact`, `nomContact`, `idGroupContact`, `idUtilisateur`, `idMessage`, `individuel`) VALUES
(2, 'Paul', 1, 39, 1, NULL),
(3, 'Thibaut', 1, 44, 2, NULL),
(4, 'Ziyi', 1, 38, 3, NULL),
(5, 'Denis', 2, 48, 15, NULL),
(23, 'Ziyi', 2, 38, 20, NULL),
(24, 'Anne', 3, 45, 21, NULL),
(31, 'Ziyi', 1, 38, 28, NULL),
(48, 'Ziyi', 2, 38, 45, NULL),
(141, 'Paul', NULL, 39, 1, 38),
(207, 'Thibaut', 1, 44, 180, NULL),
(208, 'Ziyi', 1, 38, 181, NULL),
(214, 'Ziyi', NULL, 38, 187, 44),
(223, 'Thibaut', NULL, 44, 193, 38),
(224, 'Ziyi', NULL, 38, 194, 39),
(225, 'Ziyi', NULL, 38, 195, 44),
(226, 'Ziyi', NULL, 38, NULL, 70);

-- --------------------------------------------------------

--
-- Structure de la table `Group`
--

CREATE TABLE `Group` (
  `idGroup` int(12) NOT NULL,
  `nomGroup` varchar(50) NOT NULL
) ENGINE=InnoDB DEFAULT CHARSET=utf8;

--
-- Déchargement des données de la table `Group`
--

INSERT INTO `Group` (`idGroup`, `nomGroup`) VALUES
(1, 'group1'),
(2, 'group2');

-- --------------------------------------------------------

--
-- Structure de la table `Localisations`
--

CREATE TABLE `Localisations` (
  `numLocal` int(50) NOT NULL,
  `rayon` decimal(25,8) DEFAULT NULL,
  `longitude` decimal(28,6) DEFAULT NULL,
  `latitude` decimal(28,6) DEFAULT NULL,
  `idProfil` int(50) DEFAULT NULL
) ENGINE=InnoDB DEFAULT CHARSET=utf8;

--
-- Déchargement des données de la table `Localisations`
--

INSERT INTO `Localisations` (`numLocal`, `rayon`, `longitude`, `latitude`, `idProfil`) VALUES
(1, '0.01842935', '48.669878', '6.174442', 60),
(2, '0.00706831', '48.674056', '6.154454', 25),
(3, '0.00627984', '48.684000', '6.163311', 29),
(4, '0.00893985', '48.686682', '6.153311', 19),
(5, '0.00439384', '48.680889', '6.163012', 30),
(6, '0.00506857', '48.684329', '6.160698', 52),
(7, '0.01134228', '48.683433', '6.169488', 59),
(8, '0.00969389', '48.676903', '6.149500', 51),
(9, '0.00296636', '48.678237', '6.156183', 58),
(10, '0.00599111', '48.681351', '6.153065', 55),
(11, '0.01075440', '48.679999', '6.148055', 53),
(12, '0.00625209', '48.677362', '6.164630', 54),
(13, '0.01194373', '48.673732', '6.169190', 50),
(14, '0.01474344', '48.677088', '6.144280', 48),
(15, '0.00266717', '48.681159', '6.156619', 47),
(16, '0.01098469', '48.681311', '6.169658', 49),
(17, '0.00916394', '48.680317', '6.167941', 43),
(18, '0.00257709', '48.678742', '6.161223', 44),
(19, '0.00399678', '48.676142', '6.160758', 42),
(20, '0.01120468', '48.674247', '6.168631', 45),
(21, '0.01114343', '48.678861', '6.169920', 46),
(22, '0.00875459', '48.673162', '6.164705', 41),
(23, '0.00860647', '48.672102', '6.154628', 39),
(24, '0.00824406', '48.672514', '6.162969', 23),
(25, '0.00000000', '48.679628', '6.158803', 24);

-- --------------------------------------------------------

--
-- Structure de la table `Messages`
--

CREATE TABLE `Messages` (
  `idMessage` int(50) NOT NULL,
  `content` varchar(200) NOT NULL,
  `tempsEnvoi` datetime NOT NULL DEFAULT current_timestamp()
) ENGINE=InnoDB DEFAULT CHARSET=utf8;

--
-- Déchargement des données de la table `Messages`
--

INSERT INTO `Messages` (`idMessage`, `content`, `tempsEnvoi`) VALUES
(1, 'Bonjour, je m\'appelle Paul!', '2021-09-21 14:08:19'),
(2, 'Bonsoir, je suis dans lp2', '2021-09-22 14:09:02'),
(3, 'Hi je m\'appelle Ziyi', '2021-10-12 00:52:13'),
(15, 'Hi, Ziyiiiii', '2021-10-12 09:36:43'),
(20, '', '2021-10-12 23:43:25'),
(21, '', '2021-10-12 23:52:55'),
(28, 'Coucou Thibaut, coucou Paul', '2021-10-13 01:03:49'),
(45, 'What???', '2021-10-13 12:58:58'),
(180, '', '2021-10-16 13:09:26'),
(181, 'Thibaut', '2021-10-16 13:09:44'),
(187, 'Coucou!', '2021-10-19 12:31:58'),
(193, 'Hi Ziyi, je suis Thibaut', '2021-10-20 13:58:42'),
(194, 'Hi ', '2021-10-20 13:59:34'),
(195, 'Je m\'appelle Ziyi', '2021-10-27 00:12:35');

-- --------------------------------------------------------

--
-- Structure de la table `Profil`
--

CREATE TABLE `Profil` (
  `idProfil` int(50) NOT NULL,
  `codeProfil` varchar(12) NOT NULL DEFAULT 'Admin',
  `roleId` int(10) NOT NULL,
  `statutContamine` varchar(12) DEFAULT NULL
) ENGINE=InnoDB DEFAULT CHARSET=utf8;

--
-- Déchargement des données de la table `Profil`
--

INSERT INTO `Profil` (`idProfil`, `codeProfil`, `roleId`, `statutContamine`) VALUES
(16, 'admin', 1, 'non'),
(17, 'admin', 1, 'non'),
(19, 'admin', 1, 'non'),
(22, 'admin', 1, 'non'),
(23, 'admin', 1, 'oui'),
(24, 'admin', 1, 'oui'),
(25, 'admin', 1, 'oui'),
(26, 'admin', 1, 'oui'),
(27, 'admin', 1, 'oui'),
(28, 'admin', 1, 'oui'),
(29, 'admin', 1, 'oui'),
(30, 'admin', 1, 'oui'),
(31, 'admin', 1, 'oui'),
(32, 'admin', 1, 'oui'),
(33, 'admin', 1, 'oui'),
(34, 'admin', 1, 'oui'),
(35, 'admin', 1, 'oui'),
(36, 'admin', 1, 'oui'),
(37, 'admin', 1, 'oui'),
(38, 'admin', 1, 'oui'),
(39, 'admin', 1, 'oui'),
(40, 'admin', 1, 'oui'),
(41, 'admin', 1, 'oui'),
(42, 'admin', 1, 'oui'),
(43, 'admin', 1, 'oui'),
(44, 'admin', 1, 'oui'),
(45, 'admin', 1, 'oui'),
(46, 'admin', 1, 'oui'),
(47, 'admin', 1, 'oui'),
(48, 'admin', 1, 'oui'),
(49, 'admin', 1, 'oui'),
(50, 'admin', 1, 'oui'),
(51, 'admin', 1, 'oui'),
(52, 'admin', 1, 'oui'),
(53, 'admin', 1, 'oui'),
(54, 'admin', 1, 'oui'),
(55, 'admin', 1, 'oui'),
(56, 'admin', 1, 'oui'),
(57, 'admin', 1, 'oui'),
(58, 'admin', 1, 'oui'),
(59, 'admin', 1, 'oui'),
(60, 'admin', 1, 'oui');

-- --------------------------------------------------------

--
-- Structure de la table `Utilisateurs`
--

CREATE TABLE `Utilisateurs` (
  `idUtilisateur` int(10) NOT NULL,
  `nomUtilisateur` varchar(50) NOT NULL,
  `motDePasse` varchar(100) NOT NULL,
  `roleId` int(11) DEFAULT NULL,
  `idProfil` int(12) DEFAULT NULL,
  `ami` varchar(50) DEFAULT NULL
) ENGINE=InnoDB DEFAULT CHARSET=utf8;

--
-- Déchargement des données de la table `Utilisateurs`
--

INSERT INTO `Utilisateurs` (`idUtilisateur`, `nomUtilisateur`, `motDePasse`, `roleId`, `idProfil`, `ami`) VALUES
(38, 'Ziyi', '$2y$10$ZiBZzF9VpL9SYs.SYTRm4OLxjX9YptbRPvyMPdzpiP4kadyO8YOl6', 1, 16, 'oui'),
(39, 'Paul', '$2y$10$0tC74niWV0tx/Ue7BwY0eOIB792DmYxCovzCqFTs94YJamXsfx.BW', 1, 17, 'oui'),
(41, 'Tom', '$2y$10$Z7eFTBHgQY/ggxqEecN/0uy4hCBGVjezReO.nw8tazTZpY85I2HcS', 1, 19, 'oui'),
(44, 'Thibaut', '$2y$10$FBmgjcOOeNl3Myw/wn.4fOh/3BMYhObhcZA7FqBw1TKY14W2vFgZy', 1, 22, 'oui'),
(45, 'Anne', '$2y$10$wI/FfgoAaT4uInzTYsVA3.YN2j8VT40MbjwNbZJmv6ZY0n2uVJ.aS', 1, 23, 'oui'),
(46, 'Bunny', '$2y$10$N5CC/fYyBvfhw6tsE6OwC.EzzazOKOhxf7h5X26uzSrZYuZ05iTQK', 1, 24, 'oui'),
(47, 'Canal', '$2y$10$Y22zrQSyX8b97bkqokfHh.UbsPRyW56ln98wICRzEZEK0bOvo3nsm', 1, 25, 'oui'),
(48, 'Denis', '$2y$10$Lvzu.spkDfDKuo4KQarx4ur4bSpqa0arD9dKvd4mhAXmjUTgHp9di', 1, 26, 'oui'),
(49, 'Emmanuel', '$2y$10$JBsRuuORpUv42uBlSFqq4OF7.XUfcCz6GlWFCZdwOj.tQRK/A8ro.', 1, 27, 'oui'),
(50, 'Lucas', '$2y$10$2p87Om1f0kgB0SLRrs5lPePN3yqEHr3xMxialjkWSOLfWelXRk2iy', 1, 28, NULL),
(51, 'Kevin', '$2y$10$9JFXk89JHtPVdNH5tMReBexxsZqb1QBpED46qO8hHUTktlry.GeBe', 1, 29, NULL),
(52, 'Guillaume', '$2y$10$vvKMMKLWscjGnL8scwYUFuPdSPgPam2kVhxj75CVX3iZl7wju1AsC', 1, 30, NULL),
(53, 'Zapp', '$2y$10$UQCOR0FLy8h50Jr/Vg6KBOWKaQpKm4.4eYM56Kjk7XVMnFFKDJYt.', 1, 31, NULL),
(54, 'François', '$2y$10$45Z6TejXRBYqaWWHd1bQmeu6d3czxgIst3CRAnMI7QVc/2kVhVLm6', 1, 32, NULL),
(55, 'Ziyi', '$2y$10$c7JgXZjmVucqtS8bJVxHHu4eIdkXBX.l7iZlbu1AiWMWcMfvDfvtq', 1, 33, NULL),
(56, 'Ziyiiii', '$2y$10$yASzVMkDuk44Lqmg0rg17OtBKJqMrnOyKDcBCbnQ.aGCFY2dGlVG.', 1, 34, NULL),
(57, 'Alex', '$2y$10$FZ2.tuhEs8lUj/S6ejKZSuPmK6gFwp3G5dEjtjIn.4XKI3xTchleG', 1, 35, NULL),
(58, 'Alexis', '$2y$10$tPBU5bOqFx9RgHrxm2Zjye/ysdaAAeJCnT5GzRd77yQR3UKRS13iq', 1, 36, NULL),
(59, 'Gabriel', '$2y$10$O1Jgz2r2yA2NotFXgTLRCOouAYYwRIfrlIQSTeQKUpguPGhKTuxfS', 1, 37, NULL),
(60, 'Lucas', '$2y$10$x6YKrfhsqiKayPIqUps9.OD9qnVc5EKtWIXhdC41dlQK2ziCN57RS', 1, 38, NULL),
(61, 'Remi', '$2y$10$PuG4U5UEjgWZ602rLgMSyezZYrpCoBS2/OcpmYnuWCF3vDrI7ajI2', 1, 39, NULL),
(62, 'Antoine', '$2y$10$3RDxROzl.XXkjk43OihTSeX37YHF9Dnp2nb94EJxpL.Tj6Hf7cYMi', 1, 40, NULL),
(63, 'Antony', '$2y$10$YLhmZEzZawH.Xsi.3ewG1.WVRRC2L2DFLacBoYBuXL.GOiqiIwun.', 1, 41, NULL),
(64, 'Lisa', '$2y$10$qmbsnC.dALpkkQoetNLtv.MTfXnY7hpBteo4LgSlYsLVNvcw8sM/6', 1, 42, NULL),
(65, 'Julien', '$2y$10$KYyCq5Deei0bAsbnMBVQpeLPOqxHLZdalAot.z1LTDL7SErtmv4/a', 1, 43, NULL),
(66, 'Agathe', '$2y$10$CLNLgvrSin/hu6CuAUWzTekbSpCbaT.oGvdq6QP/N86XZgBQZtvAK', 1, 44, NULL),
(67, 'Alexandre', '$2y$10$OmOA393dIbyykGpKfeKB2ev4ioMR5OCuYEuv7Ll3SEf6lipd5sJfi', 1, 45, NULL),
(68, 'Alice', '$2y$10$bq51DiJlt/EoTDCKEK/5fOPIz8G9eZxJRXmafXFvRSr6HySkWlUSm', 1, 46, NULL),
(69, 'Amine', '$2y$10$769.WILm4HcEUpsRm97mG.nh8lNa/Vbn.kEQF5ysn20KkKZ4MvS/2', 1, 47, NULL),
(70, 'Tania', '$2y$10$Xj7ON0YtS4/owE5m97UZB.BwZYkannn8Anjxksa5niJiioQ8YMbiq', 1, 48, 'oui'),
(71, 'Arthur', '$2y$10$1PPHvyy4oBxJliUissCQ6.Nx7UFfi2UbsIotBdn/1y2odN5UQ3Nsi', 1, 49, NULL),
(72, 'Aurelien', '$2y$10$.9vLwauZPoZBFOI7fzSWwOJzAtkBx8jNd30kORI7s6iBR1D1bSGWG', 1, 50, NULL),
(73, 'Baptiste', '$2y$10$cFNyqNiYXZGm26lHjsePhOpM6uskHKgMUaWyb0NcWpx6bMNQOMQ1S', 1, 51, NULL),
(74, 'Bilal', '$2y$10$4JoQHyGKa9Lw3MJwBZUqqefqhyomBLWaVxQ7lDiWbKvdvqmw3a2wq', 1, 52, NULL),
(75, 'Brian', '$2y$10$nohVJcjUeurXr5.IvAwEPe7.uujbcyr7SKJipAAMA7.OppcJbPWeW', 1, 53, NULL),
(76, 'Cloudie', '$2y$10$Fc5iyzPAAZSpbtvkqgkGgeMJC9//dPOQCGARa4Kfkr1NO4tjM18sa', 1, 54, NULL),
(77, 'Clement', '$2y$10$6.A7bfwoEoejs6gx1/nw.uK6Qn.AMl.yUNEKhexvw4M3hra6Q/xPG', 1, 55, NULL),
(78, 'David', '$2y$10$i1G7v/U/Xqbv3p9.5buKDuvrreMjsOQ4.MULCvptVKXHxg7PUeRdq', 1, 56, NULL),
(79, 'Dominique', '$2y$10$wYNw0jgIBetGbwdPGG2zTelqLO2QOo8m8JEiv1A1B5qeUnn5lUNL.', 1, 57, NULL),
(80, 'Floran', '$2y$10$yLAw4vsTv/On/6ksNlT4XOLSM6BSNCTG63LUd/gMqoK.gmOWiYcfa', 1, 58, NULL),
(81, 'Olivier', '$2y$10$3PPN60lhixPLferIo4q7COuxlhPn2GYfEK2hvOfee8LDamFhr0asi', 1, 59, NULL),
(82, 'Florian', '$2y$10$3sFyBspUKZHTycPz/ERKDuWE1BHIckVUzSjZeQBlfKgyKbb7hwLDG', 1, 60, NULL);

--
-- Index pour les tables déchargées
--

--
-- Index pour la table `Board`
--
ALTER TABLE `Board`
  ADD PRIMARY KEY (`idBoard`),
  ADD KEY `fk_idUser` (`idUtilisateur`);

--
-- Index pour la table `Contact`
--
ALTER TABLE `Contact`
  ADD PRIMARY KEY (`idContact`),
  ADD KEY `idUtilisateur` (`idUtilisateur`),
  ADD KEY `idMessage` (`idMessage`);

--
-- Index pour la table `Group`
--
ALTER TABLE `Group`
  ADD PRIMARY KEY (`idGroup`);

--
-- Index pour la table `Localisations`
--
ALTER TABLE `Localisations`
  ADD PRIMARY KEY (`numLocal`),
  ADD KEY `fk_idProfil` (`idProfil`);

--
-- Index pour la table `Messages`
--
ALTER TABLE `Messages`
  ADD PRIMARY KEY (`idMessage`);

--
-- Index pour la table `Profil`
--
ALTER TABLE `Profil`
  ADD PRIMARY KEY (`idProfil`);

--
-- Index pour la table `Utilisateurs`
--
ALTER TABLE `Utilisateurs`
  ADD PRIMARY KEY (`idUtilisateur`),
  ADD KEY `idProfil` (`idProfil`);

--
-- AUTO_INCREMENT pour les tables déchargées
--

--
-- AUTO_INCREMENT pour la table `Board`
--
ALTER TABLE `Board`
  MODIFY `idBoard` int(12) NOT NULL AUTO_INCREMENT, AUTO_INCREMENT=61;

--
-- AUTO_INCREMENT pour la table `Contact`
--
ALTER TABLE `Contact`
  MODIFY `idContact` int(12) NOT NULL AUTO_INCREMENT, AUTO_INCREMENT=227;

--
-- AUTO_INCREMENT pour la table `Group`
--
ALTER TABLE `Group`
  MODIFY `idGroup` int(12) NOT NULL AUTO_INCREMENT, AUTO_INCREMENT=58;

--
-- AUTO_INCREMENT pour la table `Localisations`
--
ALTER TABLE `Localisations`
  MODIFY `numLocal` int(50) NOT NULL AUTO_INCREMENT, AUTO_INCREMENT=26;

--
-- AUTO_INCREMENT pour la table `Messages`
--
ALTER TABLE `Messages`
  MODIFY `idMessage` int(50) NOT NULL AUTO_INCREMENT, AUTO_INCREMENT=196;

--
-- AUTO_INCREMENT pour la table `Profil`
--
ALTER TABLE `Profil`
  MODIFY `idProfil` int(50) NOT NULL AUTO_INCREMENT, AUTO_INCREMENT=61;

--
-- AUTO_INCREMENT pour la table `Utilisateurs`
--
ALTER TABLE `Utilisateurs`
  MODIFY `idUtilisateur` int(10) NOT NULL AUTO_INCREMENT, AUTO_INCREMENT=83;

--
-- Contraintes pour les tables déchargées
--

--
-- Contraintes pour la table `Board`
--
ALTER TABLE `Board`
  ADD CONSTRAINT `fk_idUser` FOREIGN KEY (`idUtilisateur`) REFERENCES `Utilisateurs` (`idUtilisateur`);

--
-- Contraintes pour la table `Contact`
--
ALTER TABLE `Contact`
  ADD CONSTRAINT `idMessage` FOREIGN KEY (`idMessage`) REFERENCES `Messages` (`idMessage`),
  ADD CONSTRAINT `idUtilisateur` FOREIGN KEY (`idUtilisateur`) REFERENCES `Utilisateurs` (`idUtilisateur`);

--
-- Contraintes pour la table `Localisations`
--
ALTER TABLE `Localisations`
  ADD CONSTRAINT `fk_idProfil` FOREIGN KEY (`idProfil`) REFERENCES `Profil` (`idProfil`);

--
-- Contraintes pour la table `Utilisateurs`
--
ALTER TABLE `Utilisateurs`
  ADD CONSTRAINT `idProfil` FOREIGN KEY (`idProfil`) REFERENCES `Profil` (`idProfil`);
COMMIT;

/*!40101 SET CHARACTER_SET_CLIENT=@OLD_CHARACTER_SET_CLIENT */;
/*!40101 SET CHARACTER_SET_RESULTS=@OLD_CHARACTER_SET_RESULTS */;
/*!40101 SET COLLATION_CONNECTION=@OLD_COLLATION_CONNECTION */;
